Date,Price,Open,High,Low,Vol.,Change ,Change p,Constant,Returns
22-Jun,"30,673.14","33,156.31","33,270.83","30,495.14",-,-7.03%,-0.0703,100,-7.03
22-May,"32,991.97","33,045.95","34,113.40","30,635.76",3.01B,0.04%,0.0004,,0.04
22-Apr,"32,977.21","34,740.89","35,492.22","32,913.15",7.22B,-4.91%,-0.0491,,-4.91
22-Mar,"34,678.35","33,813.48","35,372.26","32,578.73",9.22B,2.32%,0.0232,,2.32
22-Feb,"33,892.60","35,151.47","35,824.28","32,272.64",7.36B,-3.53%,-0.0353,,-3.53
22-Jan,"35,131.86","36,321.59","36,952.65","33,150.33",8.90B,-3.32%,-0.0332,,-3.32
21-Dec,"36,338.30","34,678.94","36,679.44","34,006.98",8.41B,5.38%,0.0538,,5.38
21-Nov,"34,483.72","35,833.65","36,565.73","34,424.44",7.23B,-3.73%,-0.0373,,-3.73
21-Oct,"35,819.56","33,930.70","35,892.92","33,785.54",6.77B,5.84%,0.0584,,5.84
21-Sep,"33,843.92","35,387.55","35,475.40","33,613.03",6.66B,-4.29%,-0.0429,,-4.29
21-Aug,"35,360.73","34,968.56","35,631.19","34,690.25",5.66B,1.22%,0.0122,,1.22
21-Jul,"34,935.47","34,507.32","35,171.52","33,741.76",6.71B,1.25%,0.0125,,1.25
21-Jun,"34,502.51","34,584.19","34,849.32","33,271.93",6.83B,-0.08%,-0.0008,,-0.08
21-May,"34,529.45","33,904.89","35,091.56","33,473.80",6.61B,1.93%,0.0193,,1.93
21-Apr,"33,874.85","33,054.58","34,256.75","32,985.35",6.89B,2.71%,0.0271,,2.71
21-Mar,"32,981.55","31,065.90","33,259.00","30,547.53",9.79B,6.62%,0.0662,,6.62
21-Feb,"30,932.37","30,054.73","32,009.64","30,014.97",6.77B,3.17%,0.0317,,3.17
21-Jan,"29,982.62","30,627.47","31,272.22","29,856.30",8.22B,-2.04%,-0.0204,,-2.04
20-Dec,"30,606.48","29,797.50","30,637.47","29,599.29",8.18B,3.27%,0.0327,,3.27
20-Nov,"29,638.64","26,691.28","30,116.51","26,691.28",7.92B,11.84%,0.1184,,11.84
20-Oct,"26,501.60","27,940.63","28,957.90","26,143.77",8.51B,-4.61%,-0.0461,,-4.61
20-Sep,"27,781.70","28,439.61","29,199.35","26,537.01",10.05B,-2.28%,-0.0228,,-2.28
20-Aug,"28,430.05","26,542.32","28,733.35","26,534.38",7.51B,7.57%,0.0757,,7.57
20-Jul,"26,428.32","25,879.38","27,071.33","25,523.51",8.27B,2.38%,0.0238,,2.38
20-Jun,"25,812.88","25,342.99","27,580.21","24,843.18",9.82B,1.69%,0.0169,,1.69
20-May,"25,383.11","24,120.78","25,758.79","22,789.62",8.01B,4.26%,0.0426,,4.26
20-Apr,"24,345.72","21,227.38","24,764.77","20,735.02",9.88B,11.08%,0.1108,,11.08
20-Mar,"21,917.16","25,590.51","27,102.34","18,213.65",15.60B,-13.74%,-0.1374,,-13.74
20-Feb,"25,409.36","28,319.65","29,568.57","24,681.01",7.05B,-10.07%,-0.1007,,-10.07
20-Jan,"28,256.03","28,638.97","29,373.62","28,169.53",6.27B,-0.99%,-0.0099,,-0.99
19-Dec,"28,538.44","28,109.74","28,701.66","27,325.13",5.14B,1.74%,0.0174,,1.74
19-Nov,"28,051.41","27,142.95","28,174.97","27,142.95",4.98B,3.72%,0.0372,,3.72
19-Oct,"27,046.23","26,962.54","27,204.36","25,743.46",5.72B,0.48%,0.0048,,0.48
19-Sep,"26,916.83","26,198.26","27,306.73","25,978.22",5.09B,1.95%,0.0195,,1.95
19-Aug,"26,403.28","26,879.86","27,175.59","25,339.60",6.24B,-1.72%,-0.0172,,-1.72
19-Jul,"26,864.27","26,805.86","27,398.68","26,616.21",5.27B,0.99%,0.0099,,0.99
19-Jun,"26,599.96","24,830.16","26,907.37","24,680.57",5.54B,7.19%,0.0719,,7.19
19-May,"24,815.04","26,639.06","26,689.39","24,809.51",6.36B,-6.69%,-0.0669,,-6.69
19-Apr,"26,592.91","26,075.10","26,695.96","26,062.59",5.85B,2.56%,0.0256,,2.56
19-Mar,"25,928.68","26,019.67","26,155.98","25,208.00",6.63B,0.05%,0.0005,,0.05
19-Feb,"25,916.00","25,025.31","26,241.42","24,883.04",5.43B,3.67%,0.0367,,3.67
19-Jan,"24,999.67","23,058.61","25,109.62","22,638.41",7.19B,7.17%,0.0717,,7.17
18-Dec,"23,327.46","25,779.57","25,980.21","21,712.53",8.10B,-8.66%,-0.0866,,-8.66
18-Nov,"25,538.46","25,142.08","26,277.82","24,268.74",7.23B,1.68%,0.0168,,1.68
18-Oct,"25,115.76","26,598.36","26,951.81","24,122.23",8.37B,-5.07%,-0.0507,,-5.07
18-Sep,"26,458.31","25,916.07","26,769.16","25,754.32",5.26B,1.90%,0.019,,1.9
18-Aug,"25,964.82","25,461.63","26,167.94","24,965.77",5.64B,2.16%,0.0216,,2.16
18-Jul,"25,415.19","24,161.53","25,587.24","24,077.56",5.41B,4.71%,0.0471,,4.71
18-Jun,"24,271.41","24,542.09","25,402.83","23,997.21",7.41B,-0.59%,-0.0059,,-0.59
18-May,"24,415.84","24,117.29","25,086.49","23,531.31",7.28B,1.05%,0.0105,,1.05
18-Apr,"24,163.15","24,076.60","24,858.97","23,344.52",8.06B,0.25%,0.0025,,0.25
18-Mar,"24,103.11","25,024.04","25,449.15","23,509.06",8.87B,-3.70%,-0.037,,-3.7
18-Feb,"25,029.20","26,083.04","26,306.70","23,360.29",9.45B,-4.28%,-0.0428,,-4.28
18-Jan,"26,149.39","24,809.35","26,616.71","24,741.70",9.12B,5.79%,0.0579,,5.79
17-Dec,"24,719.22","24,305.40","24,876.07","23,921.90",6.59B,1.84%,0.0184,,1.84
17-Nov,"24,272.35","23,442.90","24,327.82","23,242.75",7.34B,3.83%,0.0383,,3.83
17-Oct,"23,377.24","22,423.47","23,485.25","22,416.00",7.30B,4.34%,0.0434,,4.34
17-Sep,"22,405.09","21,981.77","22,419.51","21,709.63",6.34B,2.08%,0.0208,,2.08
17-Aug,"21,948.10","21,961.42","22,179.11","21,600.34",6.15B,0.26%,0.0026,,0.26
17-Jul,"21,891.12","21,392.30","21,929.80","21,279.30",5.57B,2.54%,0.0254,,2.54
17-Jun,"21,349.63","21,030.55","21,535.03","20,994.22",7.21B,1.62%,0.0162,,1.62
17-May,"21,008.65","20,962.73","21,112.32","20,553.45",6.61B,0.33%,0.0033,,0.33
17-Apr,"20,940.51","20,665.17","21,070.90","20,379.55",5.39B,1.34%,0.0134,,1.34
17-Mar,"20,663.22","20,957.29","21,169.11","20,412.80",6.94B,-0.72%,-0.0072,,-0.72
17-Feb,"20,812.24","19,923.81","20,851.33","19,831.09",6.19B,4.77%,0.0477,,4.77
17-Jan,"19,864.09","19,872.86","20,125.58","19,677.94",6.48B,0.51%,0.0051,,0.51
16-Dec,"19,762.60","19,149.20","19,987.63","19,138.79",5.95B,3.34%,0.0334,,3.34
16-Nov,"19,123.58","18,158.24","19,225.29","17,883.56",2.11B,5.41%,0.0541,,5.41
16-Oct,"18,142.42","18,279.60","18,399.96","17,959.95",1.79B,-0.91%,-0.0091,,-0.91
16-Sep,"18,308.15","18,396.57","18,551.54","17,992.21",2.10B,-0.50%,-0.005,,-0.5
16-Aug,"18,400.88","18,434.50","18,668.44","18,247.79",1.70B,-0.17%,-0.0017,,-0.17
16-Jul,"18,432.24","17,924.24","18,622.01","17,713.45",1.82B,2.80%,0.028,,2.8
16-Jun,"17,929.99","17,754.55","18,016.00","17,063.08",2.35B,0.80%,0.008,,0.8
16-May,"17,787.20","17,783.78","17,934.61","17,331.07",1.88B,0.08%,0.0008,,0.08
16-Apr,"17,773.64","17,661.74","18,167.63","17,484.23",2.10B,0.50%,0.005,,0.5
16-Mar,"17,685.09","16,545.67","17,790.11","16,545.67",2.41B,7.08%,0.0708,,7.08
16-Feb,"16,516.50","16,453.63","16,795.98","15,503.01",2.49B,0.30%,0.003,,0.3
16-Jan,"16,466.30","17,405.48","17,405.48","15,450.56",2.84B,-5.50%,-0.055,,-5.5
15-Dec,"17,425.03","17,719.72","17,901.58","17,116.73",2.52B,-1.66%,-0.0166,,-1.66
15-Nov,"17,719.92","17,672.62","17,977.85","17,210.43",2.30B,0.32%,0.0032,,0.32
15-Oct,"17,663.54","16,278.62","17,799.96","16,013.66",2.61B,8.47%,0.0847,,8.47
15-Sep,"16,284.70","16,528.03","16,933.43","15,942.37",2.72B,-1.47%,-0.0147,,-1.47
15-Aug,"16,528.03","17,696.74","17,704.76","15,370.33",2.73B,-6.57%,-0.0657,,-6.57
15-Jul,"17,689.86","17,638.12","18,137.12","17,399.17",2.03B,0.40%,0.004,,0.4
15-Jun,"17,619.51","18,017.82","18,188.81","17,576.50",2.22B,-2.17%,-0.0217,,-2.17
15-May,"18,010.68","17,859.27","18,351.36","17,733.12",1.83B,0.95%,0.0095,,0.95
15-Apr,"17,840.52","17,778.52","18,175.56","17,585.01",2.17B,0.36%,0.0036,,0.36
15-Mar,"17,776.12","18,134.05","18,288.63","17,579.27",2.47B,-1.97%,-0.0197,,-1.97
15-Feb,"18,132.70","17,169.99","18,244.38","17,037.76",1.75B,5.64%,0.0564,,5.64
15-Jan,"17,164.95","17,823.07","17,951.78","17,136.30",2.17B,-3.69%,-0.0369,,-3.69
14-Dec,"17,823.07","17,827.27","18,103.45","17,067.59",2.22B,-0.03%,-0.0003,,-0.03
14-Nov,"17,828.24","17,390.90","17,894.83","17,278.36",1.52B,2.52%,0.0252,,2.52
14-Oct,"17,390.52","17,040.46","17,395.54","15,855.12",2.31B,2.04%,0.0204,,2.04
14-Sep,"17,042.90","17,097.42","17,350.64","16,934.43",1.87B,-0.32%,-0.0032,,-0.32
14-Aug,"17,098.45","16,561.70","17,153.80","16,333.78",1.48B,3.23%,0.0323,,3.23
14-Jul,"16,563.30","16,828.53","17,151.56","16,563.30",1.69B,-1.56%,-0.0156,,-1.56
14-Jun,"16,826.60","16,716.85","16,978.02","16,673.65",1.76B,0.65%,0.0065,,0.65
14-May,"16,717.17","16,580.26","16,735.51","16,341.30",1.64B,0.82%,0.0082,,0.82
14-Apr,"16,580.84","16,458.05","16,631.63","16,015.32",1.99B,0.75%,0.0075,,0.75
14-Mar,"16,457.66","16,321.71","16,505.70","16,046.99",2.10B,0.83%,0.0083,,0.83
14-Feb,"16,321.71","15,697.69","16,398.95","15,340.69",2.07B,3.97%,0.0397,,3.97
14-Jan,"15,698.85","16,572.17","16,573.07","15,617.55",2.18B,-5.30%,-0.053,,-5.3
13-Dec,"16,576.66","16,087.12","16,588.25","15,703.79",2.06B,3.05%,0.0305,,3.05
13-Nov,"16,086.41","15,558.01","16,174.51","15,522.18",1.82B,3.48%,0.0348,,3.48
13-Oct,"15,545.75","15,132.49","15,721.00","14,719.43",2.21B,2.75%,0.0275,,2.75
13-Sep,"15,129.67","14,801.55","15,709.58","14,777.48",2.37B,2.16%,0.0216,,2.16
13-Aug,"14,810.31","15,503.85","15,658.43","14,760.41",2.33B,-4.45%,-0.0445,,-4.45
13-Jul,"15,499.54","14,911.60","15,634.32","14,858.93",2.57B,3.96%,0.0396,,3.96
13-Jun,"14,909.60","15,123.55","15,340.09","14,551.27",2.93B,-1.36%,-0.0136,,-1.36
13-May,"15,115.57","14,839.80","15,542.40","14,687.05",2.77B,1.86%,0.0186,,1.86
13-Apr,"14,839.80","14,578.54","14,887.51","14,434.43",2.92B,1.79%,0.0179,,1.79
13-Mar,"14,578.54","14,054.49","14,585.10","13,937.60",2.55B,3.73%,0.0373,,3.73
13-Feb,"14,054.49","13,860.58","14,149.15","13,784.01",2.49B,1.40%,0.014,,1.4
13-Jan,"13,860.58","13,104.30","13,969.99","13,104.30",2.79B,5.77%,0.0577,,5.77
12-Dec,"13,104.14","13,027.73","13,365.86","12,883.89",2.67B,0.60%,0.006,,0.6
12-Nov,"13,025.58","13,099.19","13,290.75","12,471.49",2.68B,-0.54%,-0.0054,,-0.54
12-Oct,"13,096.46","13,437.66","13,661.87","13,039.86",2.47B,-2.54%,-0.0254,,-2.54
12-Sep,"13,437.13","13,092.15","13,653.24","12,977.09",2.70B,2.65%,0.0265,,2.65
12-Aug,"13,090.84","13,007.47","13,330.76","12,778.90",2.27B,0.63%,0.0063,,0.63
12-Jul,"13,008.68","12,879.71","13,128.64","12,492.25",2.58B,1.00%,0.01,,1
12-Jun,"12,880.09","12,391.56","12,898.94","12,035.09",2.92B,3.93%,0.0393,,3.93
12-May,"12,393.45","13,214.16","13,338.66","12,311.56",3.05B,-6.21%,-0.0621,,-6.21
12-Apr,"13,213.63","13,211.36","13,297.11","12,710.56",2.57B,0.01%,0.0001,,0.01
12-Mar,"13,212.04","12,952.29","13,289.08","12,734.86",3.20B,2.01%,0.0201,,2.01
12-Feb,"12,952.07","12,632.76","13,055.75","12,632.76",2.71B,2.53%,0.0253,,2.53
12-Jan,"12,632.91","12,221.19","12,841.95","12,221.19",2.98B,3.40%,0.034,,3.4
11-Dec,"12,217.56","12,046.21","12,328.47","11,735.19",3.15B,1.43%,0.0143,,1.43
11-Nov,"12,045.68","11,951.53","12,187.51","11,231.56",3.40B,0.76%,0.0076,,0.76
11-Oct,"11,955.01","10,912.10","12,284.31","10,404.49",3.91B,9.54%,0.0954,,9.54
11-Sep,"10,913.38","11,613.30","11,716.84","10,597.14",4.40B,-6.03%,-0.0603,,-6.03
11-Aug,"11,613.53","12,144.22","12,282.42","10,604.07",6.20B,-4.36%,-0.0436,,-4.36
11-Jul,"12,143.24","12,412.07","12,753.89","12,083.45",3.09B,-2.18%,-0.0218,,-2.18
11-Jun,"12,414.34","12,569.41","12,569.49","11,862.53",3.88B,-1.24%,-0.0124,,-1.24
11-May,"12,569.79","12,810.16","12,876.00","12,309.52",3.58B,-1.88%,-0.0188,,-1.88
11-Apr,"12,810.54","12,321.02","12,832.83","12,093.89",3.32B,3.98%,0.0398,,3.98
11-Mar,"12,319.73","12,226.49","12,383.46","11,555.48",3.85B,0.76%,0.0076,,0.76
11-Feb,"12,226.34","11,892.50","12,391.29","11,892.50",3.22B,2.81%,0.0281,,2.81
11-Jan,"11,891.93","11,577.43","12,020.52","11,573.87",3.68B,2.72%,0.0272,,2.72
10-Dec,"11,577.51","11,007.23","11,625.00","11,007.23",3.25B,5.19%,0.0519,,5.19
10-Nov,"11,006.02","11,120.30","11,451.53","10,929.28",3.81B,-1.01%,-0.0101,,-1.01
10-Oct,"11,118.49","10,789.72","11,247.60","10,711.12",3.79B,3.06%,0.0306,,3.06
10-Sep,"10,788.05","10,016.01","10,948.88","10,016.01",3.76B,7.72%,0.0772,,7.72
10-Aug,"10,014.72","10,468.82","10,719.94","9,936.62",4.12B,-4.31%,-0.0431,,-4.31
10-Jul,"10,465.94","9,773.27","10,584.99","9,614.32",4.20B,7.08%,0.0708,,7.08
10-Jun,"9,774.02","10,133.94","10,594.16","9,753.84",4.94B,-3.58%,-0.0358,,-3.58
10-May,"10,136.63","11,009.60","11,177.67","9,774.48",5.61B,-7.92%,-0.0792,,-7.92
10-Apr,"11,008.61","10,857.31","11,258.01","10,844.09",4.24B,1.40%,0.014,,1.4
10-Mar,"10,856.63","10,326.10","10,955.48","10,326.10",4.39B,5.15%,0.0515,,5.15
10-Feb,"10,325.26","10,068.99","10,438.55","9,835.09",4.28B,2.56%,0.0256,,2.56
10-Jan,"10,067.33","10,430.69","10,729.89","10,043.75",4.39B,-3.46%,-0.0346,,-3.46
9-Dec,"10,428.05","10,343.82","10,580.33","10,235.63",4.17B,0.80%,0.008,,0.8
9-Nov,"10,344.84","9,712.13","10,495.61","9,678.95",3.81B,6.51%,0.0651,,6.51
9-Oct,"9,712.73","9,711.60","10,119.47","9,430.08",5.15B,0.00%,0,,0
9-Sep,"9,712.28","9,492.32","9,917.99","9,252.93",4.48B,2.27%,0.0227,,2.27
9-Aug,"9,496.28","9,173.65","9,630.20","9,116.52",4.04B,3.54%,0.0354,,3.54
9-Jul,"9,171.61","8,447.53","9,246.43","8,087.19",4.90B,8.58%,0.0858,,8.58
9-Jun,"8,447.00","8,501.53","8,877.93","8,259.43",5.52B,-0.63%,-0.0063,,-0.63
9-May,"8,500.33","8,167.41","8,591.93","8,099.31",6.73B,4.07%,0.0407,,4.07
9-Apr,"8,168.12","7,606.13","8,307.51","7,483.87",7.80B,7.35%,0.0735,,7.35
9-Mar,"7,608.92","7,056.48","7,931.33","6,469.95",10.56B,7.73%,0.0773,,7.73
9-Feb,"7,062.93","8,000.62","8,315.07","7,033.62",7.13B,-11.72%,-0.1172,,-11.72
9-Jan,"8,000.86","8,772.25","9,088.06","7,909.03",6.26B,-8.84%,-0.0884,,-8.84
8-Dec,"8,776.39","8,826.89","9,026.41","8,118.50",5.70B,-0.60%,-0.006,,-0.6
8-Nov,"8,829.04","9,326.04","9,653.95","7,449.38",6.26B,-5.32%,-0.0532,,-5.32
8-Oct,"9,325.01","10,847.40","10,882.52","7,882.51",8.31B,-14.06%,-0.1406,,-14.06
8-Sep,"10,850.66","11,545.63","11,790.17","10,365.45",6.30B,-6.00%,-0.06,,-6
8-Aug,"11,543.55","11,379.89","11,867.11","11,221.53",3.58B,1.45%,0.0145,,1.45
8-Jul,"11,378.02","11,344.64","11,698.17","10,827.71",5.52B,0.25%,0.0025,,0.25
8-Jun,"11,350.01","12,637.67","12,638.08","11,287.56",5.31B,-10.19%,-0.1019,,-10.19
8-May,"12,638.32","12,818.34","13,136.69","12,442.59",4.53B,-1.42%,-0.0142,,-1.42
8-Apr,"12,820.13","12,266.64","13,010.00","12,266.47",5.05B,4.54%,0.0454,,4.54
8-Mar,"12,262.89","12,264.36","12,622.07","11,731.60",6.23B,-0.03%,-0.0003,,-0.03
8-Feb,"12,266.39","12,638.17","12,767.74","12,069.47",5.72B,-3.04%,-0.0304,,-3.04
8-Jan,"12,650.36","13,261.82","13,279.54","11,634.82",7.46B,-4.63%,-0.0463,,-4.63
7-Dec,"13,264.82","13,368.22","13,780.11","13,092.00",4.31B,-0.80%,-0.008,,-0.8
7-Nov,"13,371.72","13,924.16","13,924.16","12,724.09",5.98B,-4.01%,-0.0401,,-4.01
7-Oct,"13,930.01","13,895.71","14,198.10","13,407.49",5.01B,0.25%,0.0025,,0.25
7-Sep,"13,895.63","13,358.39","13,924.81","13,021.93",4.33B,4.03%,0.0403,,4.03
7-Aug,"13,357.74","13,211.09","13,695.82","12,517.94",6.20B,1.10%,0.011,,1.1
7-Jul,"13,211.99","13,409.60","14,021.95","13,199.79",5.51B,-1.47%,-0.0147,,-1.47
7-Jun,"13,408.62","13,628.69","13,692.00","13,251.53",5.22B,-1.61%,-0.0161,,-1.61
7-May,"13,627.64","13,062.75","13,673.07","13,041.30",4.99B,4.32%,0.0432,,4.32
7-Apr,"13,062.91","12,354.52","13,162.06","12,324.28",4.82B,5.74%,0.0574,,5.74
7-Mar,"12,354.35","12,265.59","12,511.05","11,939.61",5.63B,0.70%,0.007,,0.7
7-Feb,"12,268.63","12,617.20","12,795.93","12,086.06",4.35B,-2.80%,-0.028,,-2.8
7-Jan,"12,621.69","12,459.54","12,657.02","12,337.37",4.99B,1.27%,0.0127,,1.27
6-Dec,"12,463.15","12,220.97","12,529.88","12,089.98",4.34B,1.97%,0.0197,,1.97
6-Nov,"12,221.93","12,080.25","12,361.00","11,965.31",4.72B,1.17%,0.0117,,1.17
6-Oct,"12,080.73","11,678.99","12,167.02","11,653.06",5.54B,3.44%,0.0344,,3.44
6-Sep,"11,679.07","11,382.75","11,741.99","11,323.84",4.49B,2.62%,0.0262,,2.62
6-Aug,"11,381.15","11,184.80","11,407.08","11,042.64",4.62B,1.75%,0.0175,,1.75
6-Jul,"11,185.68","11,149.34","11,257.08","10,683.32",5.55B,0.32%,0.0032,,0.32
6-Jun,"11,150.22","11,169.03","11,285.82","10,698.85",6.92B,-0.16%,-0.0016,,-0.16
6-May,"11,168.31","11,367.78","11,670.19","11,030.47",7.30B,-1.75%,-0.0175,,-1.75
6-Apr,"11,367.14","11,113.00","11,417.66","11,039.12",5.58B,2.32%,0.0232,,2.32
6-Mar,"11,109.32","10,993.25","11,334.96","10,922.73",6.68B,1.05%,0.0105,,1.05
6-Feb,"10,993.41","10,862.14","11,159.18","10,737.67",5.76B,1.18%,0.0118,,1.18
6-Jan,"10,864.86","10,718.30","11,047.76","10,661.15",6.43B,1.37%,0.0137,,1.37
5-Dec,"10,717.50","10,806.03","10,940.34","10,709.42",5.22B,-0.82%,-0.0082,,-0.82
5-Nov,"10,805.87","10,437.51","10,959.79","10,388.76",5.39B,3.50%,0.035,,3.5
5-Oct,"10,440.07","10,569.50","10,608.56","10,156.46",5.83B,-1.22%,-0.0122,,-1.22
5-Sep,"10,568.70","10,481.44","10,701.81","10,350.96",5.22B,0.83%,0.0083,,0.83
5-Aug,"10,481.60","10,641.78","10,719.41","10,349.37",5.08B,-1.50%,-0.015,,-1.5
5-Jul,"10,640.91","10,273.59","10,717.73","10,175.40",4.82B,3.56%,0.0356,,3.56
5-Jun,"10,274.97","10,462.86","10,656.29","10,253.49",5.03B,-1.84%,-0.0184,,-1.84
5-May,"10,467.48","10,192.00","10,560.81","10,075.55",4.84B,2.70%,0.027,,2.7
5-Apr,"10,192.51","10,504.57","10,568.93","10,000.46",5.85B,-2.96%,-0.0296,,-2.96
5-Mar,"10,503.76","10,769.04","10,984.46","10,396.24",5.82B,-2.44%,-0.0244,,-2.44
5-Feb,"10,766.23","10,489.72","10,853.43","10,489.64",5.04B,2.63%,0.0263,,2.63
5-Jan,"10,489.94","10,783.75","10,867.39","10,368.61",5.30B,-2.72%,-0.0272,,-2.72
4-Dec,"10,783.01","10,425.80","10,868.07","10,418.63",5.74B,3.40%,0.034,,3.4
4-Nov,"10,428.02","10,028.73","10,602.85","10,010.15",5.61B,3.99%,0.0399,,3.99
4-Oct,"10,027.47","10,082.04","10,270.37","9,708.40",5.29B,-0.52%,-0.0052,,-0.52
4-Sep,"10,080.27","10,170.12","10,363.36","9,977.92",4.63B,-0.92%,-0.0092,,-0.92
4-Aug,"10,173.92","10,138.45","10,211.25","9,783.91",3.72B,0.34%,0.0034,,0.34
4-Jul,"10,139.71","10,434.00","10,448.09","9,913.92",4.45B,-2.83%,-0.0283,,-2.83
4-Jun,"10,435.48","10,187.18","10,487.54","10,134.86",4.11B,2.42%,0.0242,,2.42
4-May,"10,188.45","10,227.27","10,386.32","9,852.19",4.02B,-0.36%,-0.0036,,-0.36
4-Apr,"10,225.57","10,357.52","10,570.81","10,219.18",4.53B,-1.28%,-0.0128,,-1.28
4-Mar,"10,357.70","10,582.25","10,695.55","10,007.49",4.97B,-2.14%,-0.0214,,-2.14
4-Feb,"10,583.92","10,487.78","10,753.63","10,434.67",3.82B,0.91%,0.0091,,0.91
4-Jan,"10,488.07","10,452.74","10,705.18","10,367.41",4.38B,0.33%,0.0033,,0.33
3-Dec,"10,453.92","9,785.35","10,462.44","9,785.35",4.17B,6.86%,0.0686,,6.86
3-Nov,"9,782.46","9,802.46","9,903.57","9,585.50",3.55B,-0.19%,-0.0019,,-0.19
3-Oct,"9,801.12","9,276.80","9,850.01","9,276.80",4.79B,5.67%,0.0567,,5.67
3-Sep,"9,275.06","9,416.67","9,686.08","9,230.47",4.39B,-1.49%,-0.0149,,-1.49
3-Aug,"9,415.82","9,232.68","9,499.97","8,997.11",3.81B,1.97%,0.0197,,1.97
3-Jul,"9,233.80","8,983.66","9,361.40","8,871.20",4.91B,2.76%,0.0276,,2.76
3-Jun,"8,985.44","8,851.45","9,352.77","8,851.45",248.18M,0.00%,0,,0
3-Jun,"8,985.44","8,851.45","9,352.77","8,851.45",4.99B,1.53%,0.0153,,1.53
3-May,"8,850.26","8,478.48","8,868.33","8,340.23",4.87B,4.37%,0.0437,,4.37
3-Apr,"8,480.09","7,992.83","8,559.77","7,979.69",5.13B,6.11%,0.0611,,6.11
3-Mar,"7,992.13","7,890.24","8,522.18","7,416.64",281.79M,0.00%,0,,0
3-Mar,"7,992.13","7,890.24","8,522.18","7,416.64",5.62B,1.28%,0.0128,,1.28
3-Feb,"7,891.08","8,053.74","8,152.53","7,628.99",245.44M,0.00%,0,,0
3-Feb,"7,891.08","8,053.74","8,152.53","7,628.99",4.42B,-2.02%,-0.0202,,-2.02
3-Jan,"8,053.81","8,342.38","8,869.29","7,917.16",273.05M,0.00%,0,,0
3-Jan,"8,053.81","8,342.38","8,869.29","7,917.16",5.43B,-3.45%,-0.0345,,-3.45
2-Dec,"8,341.63","8,902.95","9,043.37","8,242.91",228.46M,0.00%,0,,0
2-Dec,"8,341.63","8,902.95","9,043.37","8,242.91",4.61B,-6.23%,-0.0623,,-6.23
2-Nov,"8,896.09","8,395.64","8,950.33","8,298.68",5.34B,5.94%,0.0594,,5.94
2-Oct,"8,397.03","7,593.04","8,558.63","7,197.49",7.50B,10.60%,0.106,,10.6
2-Sep,"7,591.93","8,659.27","8,726.90","7,460.78",298.76M,0.00%,0,,0
2-Sep,"7,591.93","8,659.27","8,726.90","7,460.78",5.60B,-12.37%,-0.1237,,-12.37
2-Aug,"8,663.50","8,732.58","9,077.01","8,030.82",5.59B,-0.84%,-0.0084,,-0.84
2-Jul,"8,736.59","9,239.25","9,410.38","7,532.66",7.66B,-5.48%,-0.0548,,-5.48
2-Jun,"9,243.26","9,923.94","9,986.49","8,926.57",305.77M,0.00%,0,,0
2-Jun,"9,243.26","9,923.94","9,986.49","8,926.57",5.80B,-6.87%,-0.0687,,-6.87
2-May,"9,925.25","9,944.90","10,353.43","9,802.23",4.80B,-0.21%,-0.0021,,-0.21
2-Apr,"9,946.22","10,402.07","10,402.07","9,811.57",5.11B,-4.40%,-0.044,,-4.4
2-Mar,"10,403.94","10,111.04","10,673.10","10,111.04",4.56B,2.95%,0.0295,,2.95
2-Feb,"10,106.13","9,923.04","10,255.24","9,580.32",4.65B,1.88%,0.0188,,1.88
2-Jan,"9,920.00","10,021.71","10,300.15","9,529.46",248.94M,0.00%,0,,0
2-Jan,"9,920.00","10,021.71","10,300.15","9,529.46",4.96B,-1.01%,-0.0101,,-1.01
1-Dec,"10,021.57","9,848.93","10,184.45","9,703.90",222.48M,0.00%,0,,0
1-Dec,"10,021.50","9,848.93","10,184.45","9,703.90",4.27B,1.73%,0.0173,,1.73
1-Nov,"9,851.56","9,087.45","9,992.79","9,014.46",4.66B,8.56%,0.0856,,8.56
1-Oct,"9,075.14","8,845.97","9,598.17","8,732.14",5.72B,2.57%,0.0257,,2.57
1-Sep,"8,847.56","9,946.98","10,182.38","8,062.34",393.05M,0.00%,0,,0
1-Sep,"8,847.56","9,946.98","10,182.38","8,062.34",5.56B,-11.08%,-0.1108,,-11.08
1-Aug,"9,949.75","10,527.38","10,609.65","9,869.14",4.08B,-5.45%,-0.0545,,-5.45
1-Jul,"10,522.81","10,504.95","10,679.12","10,120.89",230.02M,0.00%,0,,0
1-Jul,"10,522.81","10,504.95","10,679.12","10,120.89",4.61B,0.19%,0.0019,,0.19
1-Jun,"10,502.40","10,913.57","11,196.53","10,394.72",4.89B,-3.75%,-0.0375,,-3.75
1-May,"10,911.94","10,734.05","11,350.05","10,673.22",4.52B,1.65%,0.0165,,1.65
1-Apr,"10,734.97","9,877.16","10,906.41","9,375.72",272.38M,0.00%,0,,0
1-Apr,"10,734.97","9,877.16","10,906.41","9,375.72",5.18B,8.67%,0.0867,,8.67
1-Mar,"9,878.78","10,493.25","10,859.50","9,106.54",6.04B,-5.87%,-0.0587,,-5.87
1-Feb,"10,495.28","10,884.82","11,035.14","10,294.01",4.16B,-3.60%,-0.036,,-3.6
1-Jan,"10,887.36","10,790.92","11,028.00","10,468.04",290.79M,0.00%,0,,0
1-Jan,"10,887.36","10,790.92","11,028.00","10,468.04",5.83B,0.93%,0.0093,,0.93
Dec-00,"10,786.85","10,416.76","10,917.68","10,299.21",5.21B,3.58%,0.0358,,3.58
Nov-00,"10,414.49","10,966.21","11,006.50","10,292.39",4.68B,-5.07%,-0.0507,,-5.07
Oct-00,"10,971.14","10,659.06","10,995.41","9,654.64",297.12M,0.00%,0,,0
Oct-00,"10,971.14","10,659.06","10,995.41","9,654.64",6.26B,3.01%,0.0301,,3.01
Sep-00,"10,650.92","11,219.54","11,401.19","10,567.32",4.64B,-5.03%,-0.0503,,-5.03
Aug-00,"11,215.10","10,523.81","11,319.06","10,516.76",3.62B,6.59%,0.0659,,6.59
Jul-00,"10,521.98","10,450.36","10,874.63","10,393.09",171.24M,0.00%,0,,0
Jul-00,"10,521.98","10,450.36","10,874.63","10,393.09",3.25B,0.71%,0.0071,,0.71
Jun-00,"10,447.90","10,532.27","10,863.00","10,335.46",3.79B,-0.71%,-0.0071,,-0.71
May-00,"10,522.34","10,749.42","10,971.24","10,258.81",3.82B,-1.97%,-0.0197,,-1.97
Apr-00,"10,733.91","10,863.28","11,425.45","10,201.53",222.28M,0.00%,0,,0
Apr-00,"10,733.92","10,863.28","11,425.45","10,201.53",4.05B,-1.72%,-0.0172,,-1.72
Mar-00,"10,921.93","10,128.11","11,234.65","9,731.81",4.75B,7.84%,0.0784,,7.84
Feb-00,"10,128.31","10,937.74","11,118.93","9,836.06",3.66B,-7.42%,-0.0742,,-7.42
Jan-00,"10,940.53","11,501.85","11,750.28","10,701.64",202.32M,0.00%,0,,0
Jan-00,"10,940.54","11,501.85","11,750.28","10,701.64",3.83B,-4.84%,-0.0484,,-4.84
Dec-99,"11,497.12","10,876.47","11,568.77","10,859.65",3.17B,5.69%,0.0569,,5.69
Nov-99,"10,877.81","10,730.79","11,112.77","10,536.27",3.25B,1.38%,0.0138,,1.38
Oct-99,"10,729.87","10,335.69","10,790.02","9,976.02",2.29B,3.80%,0.038,,3.8
Sep-99,"10,336.96","10,828.44","11,142.41","10,081.13",1.75B,-4.55%,-0.0455,,-4.55
Aug-99,"10,829.28","10,654.83","11,365.93","10,549.08",89.01M,0.00%,0,,0
Aug-99,"10,829.28","10,654.83","11,365.93","10,549.08",1.82B,1.63%,0.0163,,1.63
Jul-99,"10,655.15","10,966.05","11,252.27","10,647.86",1.67B,-2.88%,-0.0288,,-2.88
Jun-99,"10,970.81","10,561.01","11,003.41","10,409.14",1.77B,3.89%,0.0389,,3.89
May-99,"10,559.74","10,789.04","11,130.67","10,434.26",95.77M,0.00%,0,,0
May-99,"10,559.75","10,789.04","11,130.67","10,434.26",1.84B,-2.13%,-0.0213,,-2.13
Apr-99,"10,789.04","9,786.44","10,961.71","9,765.63",2.10B,10.25%,0.1025,,10.25
Mar-99,"9,786.16","9,307.39","10,085.31","9,211.23",1.95B,5.15%,0.0515,,5.15
Feb-99,"9,306.57","9,359.60","9,611.33","9,099.04",1.55B,-0.56%,-0.0056,,-0.56
Jan-99,"9,358.83","9,184.01","9,647.96","9,063.26",96.45M,0.00%,0,,0
Jan-99,"9,358.82","9,184.01","9,647.96","9,063.26",1.75B,1.93%,0.0193,,1.93
Dec-98,"9,181.43","9,116.55","9,334.88","8,676.03",1.49B,0.71%,0.0071,,0.71
Nov-98,"9,116.55","8,595.70","9,380.20","8,595.70",73.06M,0.00%,0,,0
Nov-98,"9,116.55","8,595.70","9,380.20","8,595.70",1.39B,6.10%,0.061,,6.1
Oct-98,"8,592.11","7,841.33","8,659.81","7,467.49",1.92B,9.56%,0.0956,,9.56
Sep-98,"7,842.62","7,545.76","8,182.47","7,400.30",1.90B,4.03%,0.0403,,4.03
Aug-98,"7,539.07","8,883.29","8,886.12","7,539.07",83.79M,0.00%,0,,0
Aug-98,"7,539.06","8,883.29","8,886.12","7,539.07",1.64B,-15.13%,-0.1513,,-15.13
Jul-98,"8,883.29","8,958.99","9,367.84","8,816.09",1.50B,-0.77%,-0.0077,,-0.77
Jun-98,"8,952.01","8,900.95","9,104.72","8,569.88",1.29B,0.58%,0.0058,,0.58
May-98,"8,899.95","9,066.61","9,261.91","8,788.10",1.07B,-1.80%,-0.018,,-1.8
Apr-98,"9,063.36","8,801.56","9,213.33","8,748.74",1.39B,2.99%,0.0299,,2.99
Mar-98,"8,799.81","8,544.47","8,959.24","8,405.72",56.98M,0.00%,0,,0
Mar-98,"8,799.80","8,544.47","8,959.24","8,405.72",1.19B,2.97%,0.0297,,2.97
Feb-98,"8,545.72","7,909.99","8,566.89","7,909.99",774.50K,0.00%,0,,0
Feb-98,"8,545.71","7,909.99","8,566.89","7,909.99",1.03B,8.08%,0.0808,,8.08
Jan-98,"7,906.50","7,910.20","8,035.54","7,443.41",68.90M,0.00%,0,,0
Jan-98,"7,906.50","7,910.49","8,035.54","7,443.41",1.32B,-0.02%,-0.0002,,-0.02
Dec-97,"7,908.24","7,825.12","8,166.29","7,576.93",1.16B,1.09%,0.0109,,1.09
Nov-97,"7,823.10","7,445.80","7,881.07","7,349.99",57.28M,0.00%,0,,0
Nov-97,"7,823.12","7,443.07","7,881.07","7,349.99",1.07B,5.12%,0.0512,,5.12
Oct-97,"7,442.08","7,992.17","8,184.70","6,971.32",1.61B,-6.33%,-0.0633,,-6.33
Sep-97,"7,945.30","7,631.70","8,035.63","7,580.85",60.11M,0.00%,0,,0
Sep-97,"7,945.25","7,667.25","8,035.63","7,580.85",1.22B,4.24%,0.0424,,4.24
Aug-97,"7,622.42","8,213.78","8,299.49","7,606.86",1.12B,-7.30%,-0.073,,-7.3
Jul-97,"8,222.61","7,692.47","8,282.77","7,667.36",1.27B,7.17%,0.0717,,7.17
Jun-97,"7,672.80","7,331.00","7,834.06","7,253.78",54.08M,0.00%,0,,0
Jun-97,"7,672.79","7,351.65","7,834.06","7,253.78",1.09B,4.66%,0.0466,,4.66
May-97,"7,331.04","6,980.09","7,394.95","6,913.06",1.05B,4.59%,0.0459,,4.59
Apr-97,"7,008.99","6,562.33","7,057.55","6,356.37",1.10B,6.46%,0.0646,,6.46
Mar-97,"6,583.48","6,874.30","7,112.10","6,561.20",51.28M,0.00%,0,,0
Mar-97,"6,583.47","6,836.56","7,112.10","6,561.20",949.17M,-4.28%,-0.0428,,-4.28
Feb-97,"6,877.74","6,810.80","7,073.62","6,710.72",42.50M,0.00%,0,,0
Feb-97,"6,877.73","6,813.86","7,073.62","6,710.72",766.00M,0.95%,0.0095,,0.95
Jan-97,"6,813.09","6,447.50","6,906.60","6,352.83",47.52M,0.00%,0,,0
Jan-97,"6,813.08","6,461.73","6,906.22","6,352.82",1.00B,5.66%,0.0566,,5.66
Dec-96,"6,448.27","6,520.60","6,587.05","6,236.05",38.72M,0.00%,0,,0
Dec-96,"6,448.26","6,501.58","6,587.05","6,236.05",781.18M,-1.13%,-0.0113,,-1.13
Nov-96,"6,521.70","6,036.46","6,589.53","5,998.82",741.54M,8.17%,0.0817,,8.17
Oct-96,"6,029.38","5,878.81","6,134.11","5,861.67",761.29M,2.50%,0.025,,2.5
Sep-96,"5,882.17","5,611.80","5,929.89","5,561.46",33.86M,0.00%,0,,0
Sep-96,"5,882.16","5,581.07","5,929.88","5,561.46",649.32M,4.74%,0.0474,,4.74
Aug-96,"5,616.20","5,534.09","5,739.02","5,524.10",615.81M,1.58%,0.0158,,1.58
Jul-96,"5,528.91","5,670.14","5,733.31","5,182.32",779.87M,-2.22%,-0.0222,,-2.22
Jun-96,"5,654.63","5,643.90","5,742.54","5,580.38",33.98M,0.00%,0,,0
Jun-96,"5,654.62","5,627.29","5,742.54","5,580.38",647.78M,0.20%,0.002,,0.2
May-96,"5,643.17","5,554.26","5,796.10","5,342.19",801.91M,1.33%,0.0133,,1.33
Apr-96,"5,569.07","5,609.90","5,697.69","5,415.53",756.53M,-0.32%,-0.0032,,-0.32
Mar-96,"5,587.14","5,524.64","5,709.97","5,424.20",831.13M,1.85%,0.0185,,1.85
Feb-96,"5,485.62","5,387.35","5,659.40","5,348.34",775.58M,1.67%,0.0167,,1.67
Jan-96,"5,395.30","5,115.70","5,408.67","5,014.52",40.72M,0.00%,0,,0
Jan-96,"5,395.30","5,107.00","5,408.67","5,000.79",851.55M,5.44%,0.0544,,5.44
Dec-95,"5,117.12","5,074.13","5,235.62","5,031.50",602.28M,0.84%,0.0084,,0.84
Nov-95,"5,074.49","4,749.34","5,118.93","4,744.64",598.97M,6.71%,0.0671,,6.71
Oct-95,"4,755.48","4,789.80","4,816.90","4,659.74",32.48M,0.00%,0,,0
Oct-95,"4,755.48","4,786.55","4,816.90","4,659.74",685.56M,-0.70%,-0.007,,-0.7
Sep-95,"4,789.08","4,610.20","4,816.54","4,607.03",702.70M,3.87%,0.0387,,3.87
Aug-95,"4,610.56","4,711.28","4,754.96","4,570.85",623.01M,-2.08%,-0.0208,,-2.08
Jul-95,"4,708.47","4,556.10","4,747.21","4,551.25",34.74M,0.00%,0,,0
Jul-95,"4,708.47","4,552.98","4,747.21","4,551.25",665.57M,3.34%,0.0334,,3.34
Jun-95,"4,556.09","4,457.19","4,593.10","4,406.69",632.14M,2.04%,0.0204,,2.04
May-95,"4,465.14","4,316.43","4,465.14","4,301.56",689.94M,3.33%,0.0333,,3.33
Apr-95,"4,321.27","4,157.70","4,328.53","4,155.96",30.38M,0.00%,0,,0
Apr-95,"4,321.27","4,159.42","4,328.53","4,155.96",547.54M,3.93%,0.0393,,3.93
Mar-95,"4,157.69","3,992.03","4,198.84","3,945.69",702.57M,3.66%,0.0366,,3.66
Feb-95,"4,011.05","3,850.25","4,021.23","3,831.41",539.85M,4.35%,0.0435,,4.35
Jan-95,"3,843.86","3,834.40","3,936.72","3,817.26",31.18M,0.00%,0,,0
Jan-95,"3,843.86","3,831.41","3,936.72","3,817.26",615.77M,0.25%,0.0025,,0.25
Dec-94,"3,834.44","3,733.51","3,866.40","3,655.11",533.41M,2.55%,0.0255,,2.55
Nov-94,"3,739.22","3,892.98","3,907.78","3,638.83",613.28M,-4.32%,-0.0432,,-4.32
Oct-94,"3,908.12","3,843.20","3,949.84","3,747.97",31.82M,0.00%,0,,0
Oct-94,"3,908.12","3,850.59","3,949.84","3,747.97",636.27M,1.69%,0.0169,,1.69
Sep-94,"3,843.18","3,899.50","3,953.88","3,820.21",591.49M,-1.79%,-0.0179,,-1.79
Aug-94,"3,913.42","3,767.09","3,939.32","3,736.33",625.18M,3.96%,0.0396,,3.96
Jul-94,"3,764.50","3,654.42","3,770.00","3,623.02",450.82M,3.85%,0.0385,,3.85
Jun-94,"3,624.96","3,753.14","3,823.39","3,610.40",537.00M,-3.55%,-0.0355,,-3.55
May-94,"3,758.37","3,681.70","3,772.79","3,623.10",26.34M,0.00%,0,,0
May-94,"3,758.37","3,683.77","3,772.79","3,623.10",505.57M,2.08%,0.0208,,2.08
Apr-94,"3,681.69","3,634.50","3,710.84","3,552.47",30.98M,0.00%,0,,0
Apr-94,"3,681.69","3,552.18","3,710.84","3,552.18",566.70M,1.26%,0.0126,,1.26
Mar-94,"3,635.96","3,828.93","3,895.94","3,559.09",667.47M,-5.12%,-0.0512,,-5.12
Feb-94,"3,832.02","3,976.67","3,982.02","3,826.39",508.57M,-3.68%,-0.0368,,-3.68
Jan-94,"3,978.36","3,754.10","3,985.96","3,742.81",30.76M,0.00%,0,,0
Jan-94,"3,978.36","3,751.57","3,985.96","3,742.81",619.54M,5.97%,0.0597,,5.97
Dec-93,"3,754.09","3,707.70","3,799.92","3,685.06",501.36M,1.90%,0.019,,1.9
Nov-93,"3,683.95","3,673.33","3,717.76","3,600.67",566.68M,0.09%,0.0009,,0.09
Oct-93,"3,680.59","3,557.36","3,708.82","3,553.72",529.13M,3.53%,0.0353,,3.53
Sep-93,"3,555.12","3,642.31","3,655.72","3,507.06",487.80M,-2.63%,-0.0263,,-2.63
Aug-93,"3,651.25","3,539.50","3,663.83","3,536.96",24.83M,0.00%,0,,0
Aug-93,"3,651.25","3,542.55","3,663.83","3,536.96",526.61M,3.16%,0.0316,,3.16
Jul-93,"3,539.47","3,520.51","3,583.90","3,449.93",500.96M,0.67%,0.0067,,0.67
Jun-93,"3,516.08","3,534.07","3,569.78","3,462.66",461.15M,-0.32%,-0.0032,,-0.32
May-93,"3,527.43","3,439.44","3,565.07","3,415.33",24.52M,0.00%,0,,0
May-93,"3,527.43","3,435.65","3,565.07","3,415.33",472.65M,2.91%,0.0291,,2.91
Apr-93,"3,427.55","3,444.57","3,481.58","3,363.79",645.98M,-0.22%,-0.0022,,-0.22
Mar-93,"3,435.11","3,380.81","3,482.12","3,343.26",586.10M,1.91%,0.0191,,1.91
Feb-93,"3,370.81","3,315.16","3,456.73","3,266.80",577.51M,1.84%,0.0184,,1.84
Jan-93,"3,310.00","3,301.10","3,320.83","3,231.95",32.10M,0.00%,0,,0
Jan-93,"3,310.03","3,312.46","3,320.83","3,231.95",620.03M,0.27%,0.0027,,0.27
Dec-92,"3,301.11","3,299.22","3,352.71","3,248.16",510.28M,-0.12%,-0.0012,,-0.12
Nov-92,"3,305.20","3,226.30","3,308.41","3,184.67",23.77M,0.00%,0,,0
Nov-92,"3,305.16","3,224.12","3,308.41","3,184.67",452.35M,2.44%,0.0244,,2.44
Oct-92,"3,226.28","3,279.23","3,280.85","3,095.79",523.78M,-1.39%,-0.0139,,-1.39
Sep-92,"3,271.66","3,254.64","3,376.49","3,233.84",436.55M,0.44%,0.0044,,0.44
Aug-92,"3,257.40","3,393.80","3,399.99","3,207.10",134.60K,0.00%,0,,0
Aug-92,"3,257.35","3,385.40","3,399.99","3,207.10",363.36M,-4.02%,-0.0402,,-4.02
Jul-92,"3,393.78","3,323.87","3,402.96","3,266.53",442.09M,2.27%,0.0227,,2.27
Jun-92,"3,318.52","3,388.58","3,422.28","3,254.05",475.50M,-2.31%,-0.0231,,-2.31
May-92,"3,396.88","3,355.99","3,420.21","3,324.02",373.46M,1.12%,0.0112,,1.12
Apr-92,"3,359.12","3,220.04","3,366.50","3,161.23",441.52M,3.82%,0.0382,,3.82
Mar-92,"3,235.50","3,267.70","3,299.64","3,188.28",18.98M,0.00%,0,,0
Mar-92,"3,235.47","3,270.80","3,299.64","3,188.28",402.15M,-0.99%,-0.0099,,-0.99
Feb-92,"3,267.70","3,223.40","3,293.38","3,207.96",22.58M,0.00%,0,,0
Feb-92,"3,267.67","3,219.81","3,293.38","3,207.96",411.16M,1.37%,0.0137,,1.37
Jan-92,"3,223.40","3,152.10","3,299.19","3,139.31",26.44M,0.00%,0,,0
Jan-92,"3,223.39","3,152.06","3,299.19","3,139.31",556.36M,1.72%,0.0172,,1.72
Dec-91,"3,168.83","2,866.28","3,204.61","2,832.29",22.95M,0.00%,0,,0
Dec-91,"3,168.83","2,893.11","3,188.05","2,839.44",455.16M,9.47%,0.0947,,9.47
Nov-91,"2,894.68","3,068.64","3,082.06","2,868.96",386.03M,-5.68%,-0.0568,,-5.68
Oct-91,"3,069.10","3,017.66","3,077.37","2,938.28",452.96M,1.73%,0.0173,,1.73
Sep-91,"3,016.77","3,042.04","3,066.64","2,963.10",19.42M,0.00%,0,,0
Sep-91,"3,016.77","3,043.82","3,060.82","2,972.71",372.74M,-0.88%,-0.0088,,-0.88
Aug-91,"3,043.60","3,024.37","3,057.91","2,859.57",424.05M,0.62%,0.0062,,0.62
Jul-91,"3,024.82","2,906.75","3,029.96","2,906.75",368.38M,4.06%,0.0406,,4.06
Jun-91,"2,906.75","3,023.03","3,057.47","2,879.25",20.16M,0.00%,0,,0
Jun-91,"2,906.75","3,027.50","3,036.00","2,883.72",384.15M,-3.99%,-0.0399,,-3.99
May-91,"3,027.50","2,887.87","3,027.50","2,840.34",426.85M,4.84%,0.0484,,4.84
Apr-91,"2,887.87","2,913.86","3,017.57","2,854.95",462.65M,-0.89%,-0.0089,,-0.89
Mar-91,"2,913.86","2,882.18","3,002.72","2,843.56",466.00M,1.10%,0.011,,1.1
Feb-91,"2,882.18","2,737.38","2,939.85","2,706.44",538.65M,5.33%,0.0533,,5.33
Jan-91,"2,736.39","2,627.23","2,747.28","2,447.03",22.23M,0.00%,0,,0
Jan-91,"2,736.39","2,633.66","2,736.38","2,457.67",475.02M,3.90%,0.039,,3.9
Dec-90,"2,633.66","2,572.27","2,662.62","2,534.65",18.38M,0.00%,0,,0
Dec-90,"2,633.66","2,559.65","2,648.51","2,539.11",354.89M,2.89%,0.0289,,2.89
Nov-90,"2,559.65","2,442.08","2,572.77","2,421.29",383.25M,4.80%,0.048,,4.8
Oct-90,"2,442.33","2,452.23","2,550.25","2,354.21",483.00M,-0.41%,-0.0041,,-0.41
Sep-90,"2,452.48","2,590.84","2,665.35","2,367.82",20.45M,0.00%,0,,0
Sep-90,"2,452.48","2,614.36","2,653.96","2,379.70",363.30M,-6.19%,-0.0619,,-6.19
Aug-90,"2,614.36","2,905.45","2,920.54","2,478.71",591.41M,-10.01%,-0.1001,,-10.01
Jul-90,"2,905.20","2,883.17","3,024.26","2,833.17",21.17M,0.00%,0,,0
Jul-90,"2,905.20","2,880.69","3,010.64","2,852.72",422.42M,0.85%,0.0085,,0.85
Jun-90,"2,880.69","2,878.40","2,948.54","2,832.18",431.04M,0.14%,0.0014,,0.14
May-90,"2,876.66","2,656.76","2,894.92","2,656.76",438.96M,8.28%,0.0828,,8.28
Apr-90,"2,656.76","2,684.01","2,793.47","2,627.70",16.82M,0.00%,0,,0
Apr-90,"2,656.76","2,706.76","2,782.88","2,634.01",422.22M,-1.86%,-0.0186,,-1.86
Mar-90,"2,707.21","2,627.70","2,768.24","2,618.47",428.16M,3.04%,0.0304,,3.04
Feb-90,"2,627.25","2,590.32","2,664.86","2,548.42",354.11M,1.42%,0.0142,,1.42
Jan-90,"2,590.54","2,748.72","2,834.04","2,513.06",22.61M,0.00%,0,,0
Jan-90,"2,590.54","2,753.41","2,822.95","2,519.14",474.84M,-5.91%,-0.0591,,-5.91
Dec-89,"2,753.20","2,706.27","2,772.40","2,666.38",371.31M,1.73%,0.0173,,1.73
Nov-89,"2,706.27","2,645.08","2,711.18","2,569.67",360.16M,2.31%,0.0231,,2.31
Oct-89,"2,645.08","2,692.82","2,809.08","2,496.93",25.86M,0.00%,0,,0
Oct-89,"2,645.08","2,692.63","2,795.97","2,504.92",546.49M,-1.77%,-0.0177,,-1.77
Sep-89,"2,692.82","2,737.27","2,760.26","2,651.22",365.59M,-1.62%,-0.0162,,-1.62
Aug-89,"2,737.27","2,660.66","2,748.10","2,626.52",478.21M,2.88%,0.0288,,2.88
Jul-89,"2,660.66","2,448.79","2,668.25","2,431.53",19.14M,0.00%,0,,0
Jul-89,"2,660.66","2,440.06","2,660.66","2,436.84",363.47M,9.04%,0.0904,,9.04
Jun-89,"2,440.06","2,479.78","2,535.28","2,418.82",517.36M,-1.62%,-0.0162,,-1.62
May-89,"2,480.15","2,418.44","2,515.40","2,359.97",461.34M,2.54%,0.0254,,2.54
Apr-89,"2,418.80","2,296.19","2,433.10","2,282.07",19.33M,0.00%,0,,0
Apr-89,"2,418.80","2,296.19","2,425.95","2,285.56",369.27M,5.46%,0.0546,,5.46
Mar-89,"2,293.62","2,258.39","2,347.14","2,237.32",407.63M,1.56%,0.0156,,1.56
Feb-89,"2,258.39","2,344.82","2,360.36","2,238.21",394.56M,-3.58%,-0.0358,,-3.58
Jan-89,"2,342.32","2,163.21","2,350.18","2,127.14",22.18M,0.00%,0,,0
Jan-89,"2,342.32","2,168.39","2,344.82","2,131.79",437.80M,8.01%,0.0801,,8.01
Dec-88,"2,168.57","2,114.33","2,188.04","2,084.28",302.48M,2.56%,0.0256,,2.56
Nov-88,"2,114.51","2,148.65","2,178.70","2,028.98",332.30M,-1.59%,-0.0159,,-1.59
Oct-88,"2,148.65","2,110.77","2,195.06","2,082.33",19.39M,0.00%,0,,0
Oct-88,"2,148.65","2,112.73","2,185.81","2,086.42",387.84M,1.69%,0.0169,,1.69
Sep-88,"2,112.91","2,031.65","2,136.02","1,996.98",331.31M,4.00%,0.04,,4
Aug-88,"2,031.65","2,128.73","2,145.45","1,984.71",367.40M,-4.56%,-0.0456,,-4.56
Jul-88,"2,128.73","2,141.71","2,165.01","2,052.63",318.92M,-0.61%,-0.0061,,-0.61
Jun-88,"2,141.71","2,030.76","2,162.52","2,027.20",486.09M,5.44%,0.0544,,5.44
May-88,"2,031.12","2,032.16","2,071.95","1,921.58",20.30M,0.00%,0,,0
May-88,"2,031.12","2,032.16","2,065.82","1,925.56",405.22M,-0.06%,-0.0006,,-0.06
Apr-88,"2,032.33","1,989.89","2,121.35","1,968.00",21.53M,0.00%,0,,0
Apr-88,"2,032.33","1,987.73","2,115.22","1,972.48",413.58M,2.23%,0.0223,,2.23
Mar-88,"1,988.06","2,070.29","2,100.46","1,960.05",431.71M,-4.03%,-0.0403,,-4.03
Feb-88,"2,071.62","1,958.39","2,073.28","1,886.27",464.33M,5.79%,0.0579,,5.79
Jan-88,"1,958.22","1,952.59","2,075.27","1,845.99",22.82M,0.00%,0,,0
Jan-88,"1,958.22","1,938.83","2,066.15","1,850.96",432.97M,1.00%,0.01,,1
Dec-87,"1,938.83","1,834.38","2,010.11","1,745.19",21.48M,5.74%,0.0574,,5.74
Nov-87,"1,833.55","1,972.65","2,027.52","1,795.26",23.36M,0.00%,0,,0
Nov-87,"1,833.55","1,994.20","2,016.08","1,799.73",-,-8.02%,-0.0802,,-8.02
Oct-87,"1,993.53","2,596.12","2,651.76","1,616.21",39.50M,-23.22%,-0.2322,,-23.22
Sep-87,"2,596.28","2,662.95","2,688.78","2,476.01",23.27M,-2.50%,-0.025,,-2.5
Aug-87,"2,662.95","2,547.83","2,746.65","2,525.99",25.00M,0.00%,0,,0
Aug-87,"2,662.95","2,571.91","2,736.61","2,532.05",-,3.53%,0.0353,,3.53
Jul-87,"2,572.07","2,418.37","2,574.94","2,404.18",23.26M,6.35%,0.0635,,6.35
Jun-87,"2,418.53","2,291.41","2,457.11","2,266.38",20.20M,5.54%,0.0554,,5.54
May-87,"2,291.57","2,285.37","2,369.95","2,197.99",24.63M,0.23%,0.0023,,0.23
Apr-87,"2,286.36","2,304.69","2,422.16","2,193.32",28.08M,-0.80%,-0.008,,-0.8
Mar-87,"2,304.69","2,228.21","2,399.57","2,209.08",20.89M,0.00%,0,,0
Mar-87,"2,304.69","2,223.57","2,387.36","2,215.27",-,3.63%,0.0363,,3.63
Feb-87,"2,223.99","2,152.98","2,266.45","2,134.42",106.40K,0.00%,0,,0
Feb-87,"2,223.99","2,157.20","2,256.61","2,141.59",-,3.06%,0.0306,,3.06
Jan-87,"2,158.04","1,900.59","2,214.57","1,897.36",26.85M,0.00%,0,,0
Jan-87,"2,158.04","1,895.11","2,210.07","1,894.97",-,13.82%,0.1382,,13.82
Dec-86,"1,895.95","1,914.23","1,961.47","1,887.00",19.01M,-0.95%,-0.0095,,-0.95
Nov-86,"1,914.23","1,880.62","1,926.46","1,797.10",19.65M,0.00%,0,,0
Nov-86,"1,914.23","1,877.81","1,918.59","1,807.23",-,1.94%,0.0194,,1.94
Oct-86,"1,877.81","1,767.44","1,884.14","1,765.75",18.18M,6.24%,0.0624,,6.24
Sep-86,"1,767.58","1,903.26","1,933.35","1,732.99",19.89M,0.00%,0,,0
Sep-86,"1,767.58","1,898.35","1,927.02","1,737.20",-,-6.89%,-0.0689,,-6.89
Aug-86,"1,898.34","1,775.45","1,912.26","1,737.77",14.64M,6.93%,0.0693,,6.93
Jul-86,"1,775.31","1,892.86","1,913.39","1,752.81",16.18M,-6.20%,-0.062,,-6.2
Jun-86,"1,892.72","1,874.19","1,908.62","1,816.07",13.20M,0.00%,0,,0
Jun-86,"1,892.72","1,876.21","1,903.54","1,823.47",-,0.85%,0.0085,,0.85
May-86,"1,876.71","1,783.73","1,895.20","1,751.86",15.04M,5.20%,0.052,,5.2
Apr-86,"1,783.98","1,818.37","1,861.91","1,718.15",20.84M,-1.90%,-0.019,,-1.9
Mar-86,"1,818.61","1,706.19","1,849.74","1,663.07",18.53M,0.00%,0,,0
Mar-86,"1,818.61","1,708.49","1,841.24","1,671.98",-,6.41%,0.0641,,6.41
Feb-86,"1,709.06","1,570.53","1,732.57","1,564.33",18.84M,0.00%,0,,0
Feb-86,"1,709.06","1,571.10","1,720.53","1,568.81",-,8.79%,0.0879,,8.79
Jan-86,"1,570.99","1,546.22","1,582.91","1,491.74",14.95M,0.00%,0,,0
Jan-86,"1,570.99","1,546.67","1,577.29","1,497.71",-,1.57%,0.0157,,1.57
Dec-85,"1,546.67","1,471.33","1,570.87","1,450.34",17.88M,0.00%,0,,0
Dec-85,"1,546.67","1,472.25","1,563.76","1,453.44",-,5.06%,0.0506,,5.06
Nov-85,"1,472.13","1,374.08","1,483.03","1,372.13",15.73M,7.12%,0.0712,,7.12
Oct-85,"1,374.31","1,327.61","1,378.14","1,319.89",11.58M,3.44%,0.0344,,3.44
Sep-85,"1,328.63","1,333.67","1,348.23","1,283.71",11.00M,0.00%,0,,0
Sep-85,"1,328.63","1,334.01","1,341.40","1,289.31",-,-0.40%,-0.004,,-0.4
Aug-85,"1,334.01","1,348.90","1,356.52","1,306.00",8.41M,-1.00%,-0.01,,-1
Jul-85,"1,347.45","1,335.34","1,367.61","1,320.45",11.17M,0.90%,0.009,,0.9
Jun-85,"1,335.46","1,321.24","1,341.17","1,285.39",10.72M,0.00%,0,,0
Jun-85,"1,335.46","1,315.19","1,336.13","1,288.42",-,1.52%,0.0152,,1.52
May-85,"1,315.41","1,257.95","1,316.87","1,240.72",11.57M,4.56%,0.0456,,4.56
Apr-85,"1,258.06","1,267.01","1,287.10","1,250.11",9.50M,-0.69%,-0.0069,,-0.69
Mar-85,"1,266.78","1,284.01","1,305.87","1,246.80",10.04M,-1.34%,-0.0134,,-1.34
Feb-85,"1,284.01","1,285.56","1,303.11","1,268.88",11.37M,-0.21%,-0.0021,,-0.21
Jan-85,"1,286.77","1,277.72","1,305.10","1,266.89",19.51M,0.00%,0,,0
Jan-85,"1,286.77","1,210.14","1,300.02","1,180.99",-,6.21%,0.0621,,6.21
Dec-84,"1,211.57","1,189.16","1,220.19","1,157.46",-,1.90%,0.019,,1.9
Nov-84,"1,188.94","1,207.71","1,244.14","1,184.19",-,-1.53%,-0.0153,,-1.53
Oct-84,"1,207.38","1,206.71","1,237.96","1,161.44",-,0.06%,0.0006,,0.06
Sep-84,"1,206.71","1,224.27","1,244.15","1,195.01",-,-1.44%,-0.0144,,-1.44
Aug-84,"1,224.38","1,115.72","1,248.01","1,115.39",-,9.78%,0.0978,,9.78
Jul-84,"1,115.28","1,132.18","1,136.15","1,082.16",-,-1.51%,-0.0151,,-1.51
Jun-84,"1,132.40","1,105.17","1,140.24","1,082.05",-,2.49%,0.0249,,2.49
May-84,"1,104.85","1,170.96","1,188.23","1,086.85",-,-5.63%,-0.0563,,-5.63
Apr-84,"1,170.75","1,165.20","1,177.76","1,120.39",-,0.50%,0.005,,0.5
Mar-84,"1,164.89","1,154.31","1,191.48","1,136.10",-,0.89%,0.0089,,0.89
Feb-84,"1,154.63","1,220.79","1,223.20","1,117.88",-,-5.40%,-0.054,,-5.4
Jan-84,"1,220.58","1,257.72","1,291.87","1,215.45",-,-3.02%,-0.0302,,-3.02
Dec-83,"1,258.64","1,275.81","1,279.37","1,236.38",-,-1.36%,-0.0136,,-1.36
Nov-83,"1,276.02","1,225.41","1,291.67","1,213.21",-,4.15%,0.0415,,4.15
Oct-83,"1,225.20","1,232.42","1,284.65","1,219.82",-,-0.64%,-0.0064,,-0.64
Sep-83,"1,233.13","1,215.75","1,264.74","1,205.28",-,1.40%,0.014,,1.4
Aug-83,"1,216.16","1,199.82","1,216.15","1,156.45",-,1.41%,0.0141,,1.41
Jul-83,"1,199.22","1,221.35","1,252.90","1,183.79",-,-1.86%,-0.0186,,-1.86
Jun-83,"1,221.96","1,200.08","1,251.20","1,180.89",-,1.83%,0.0183,,1.83
May-83,"1,199.98","1,226.01","1,240.52","1,176.86",-,-2.14%,-0.0214,,-2.14
Apr-83,"1,226.20","1,129.84","1,228.04","1,104.68",-,8.51%,0.0851,,8.51
Mar-83,"1,130.03","1,113.09","1,152.09","1,108.55",-,1.56%,0.0156,,1.56
Feb-83,"1,112.62","1,076.88","1,130.51","1,051.78",-,3.43%,0.0343,,3.43
Jan-83,"1,075.70","1,048.92","1,100.07","1,020.23",-,2.79%,0.0279,,2.79
Dec-82,"1,046.54","1,043.22","1,074.32",988.59,-,0.70%,0.007,,0.7
Nov-82,"1,039.28",990.8,"1,072.01",983.71,-,4.80%,0.048,,4.8
Oct-82,991.72,896.25,"1,046.08",892.02,-,10.65%,0.1065,,10.65
Sep-82,896.25,901.31,951.16,888.7,-,-0.56%,-0.0056,,-0.56
Aug-82,901.31,808.59,910.95,769.98,-,11.47%,0.1147,,11.47
Jul-82,808.6,811.94,843.8,787.39,-,-0.41%,-0.0041,,-0.41
Jun-82,811.93,819.55,824.3,784.25,-,-0.93%,-0.0093,,-0.93
May-82,819.54,848.36,876.52,815.55,-,-3.40%,-0.034,,-3.4
Apr-82,848.36,822.77,871.19,820.48,-,3.11%,0.0311,,3.11
Mar-82,822.77,824.39,840.66,786.16,-,-0.20%,-0.002,,-0.2
Feb-82,824.39,866.34,866.34,802.23,-,-5.36%,-0.0536,,-5.36
Jan-82,871.1,875,887.38,832.56,-,-0.45%,-0.0045,,-0.45
Dec-81,875,888.98,898.5,862.81,-,-1.57%,-0.0157,,-1.57
Nov-81,888.98,855.97,892.8,834.57,-,4.27%,0.0427,,4.27
Oct-81,852.55,849.98,885.84,823.63,-,0.30%,0.003,,0.3
Sep-81,849.98,881.47,892.41,807.45,-,-3.57%,-0.0357,,-3.57
Aug-81,881.47,952.34,961.47,879.09,-,-7.44%,-0.0744,,-7.44
Jul-81,952.34,976.88,978.98,918.66,-,-2.51%,-0.0251,,-2.51
Jun-81,976.88,991.75,"1,023.02",972.7,-,-1.50%,-0.015,,-1.5
May-81,991.75,997.75,"1,005.22",956.69,-,-0.60%,-0.006,,-0.6
Apr-81,997.75,"1,003.87","1,030.98",981.81,-,-0.61%,-0.0061,,-0.61
Mar-81,"1,003.87",974.58,"1,021.81",955.7,-,3.01%,0.0301,,3.01
Feb-81,974.58,947.09,980.88,923.89,-,2.88%,0.0288,,2.88
Jan-81,947.27,963.98,"1,013.14",930.89,-,-1.73%,-0.0173,,-1.73
Dec-80,963.99,991.13,991.13,895.45,-,-2.95%,-0.0295,,-2.95
Nov-80,993.34,924.48,"1,009.39",924.48,-,7.45%,0.0745,,7.45
Oct-80,924.49,932.42,987.3,911.59,-,-0.85%,-0.0085,,-0.85
Sep-80,932.42,932.59,980.72,918,-,-0.02%,-0.0002,,-0.02
Aug-80,932.59,935.31,972.34,918.52,-,-0.29%,-0.0029,,-0.29
Jul-80,935.32,867.92,946.94,862.63,-,7.77%,0.0777,,7.77
Jun-80,867.92,850.84,896.33,840.7,-,2.01%,0.0201,,2.01
May-80,850.85,817.06,866.13,795.81,-,4.14%,0.0414,,4.14
Apr-80,817.06,785.75,818.52,751.37,-,3.98%,0.0398,,3.98
Mar-80,785.75,863.14,868.69,729.95,-,-8.97%,-0.0897,,-8.97
Feb-80,863.14,875.84,918.17,847.27,-,-1.45%,-0.0145,,-1.45
Jan-80,875.85,838.74,897.88,809.05,-,4.42%,0.0442,,4.42
Dec-79,838.74,822.35,851.54,814.76,-,1.99%,0.0199,,1.99
Nov-79,822.35,815.7,838.57,792.24,-,0.82%,0.0082,,0.82
Oct-79,815.7,877.73,904.86,795.99,-,-7.16%,-0.0716,,-7.16
Sep-79,878.58,883.7,902.13,857.85,-,-1.02%,-0.0102,,-1.02
Aug-79,887.63,846.42,893.6,839.08,-,4.87%,0.0487,,4.87
Jul-79,846.42,840.61,857,818,-,0.53%,0.0053,,0.53
Jun-79,841.98,822.33,853.86,817.74,-,2.39%,0.0239,,2.39
May-79,822.33,854.9,863.22,815.14,-,-3.81%,-0.0381,,-3.81
Apr-79,854.9,859.93,884.62,847.28,-,-0.84%,-0.0084,,-0.84
Mar-79,862.18,808.82,876.99,807.26,-,6.60%,0.066,,6.6
Feb-79,808.82,839.22,843.99,802.23,-,-3.62%,-0.0362,,-3.62
Jan-79,839.22,805.96,865.04,798.51,-,4.25%,0.0425,,4.25
Dec-78,805.01,801.98,829.87,781.01,-,0.75%,0.0075,,0.75
Nov-78,799.03,805.53,831.69,779.11,-,0.83%,0.0083,,0.83
Oct-78,792.45,865.82,909.39,782.05,-,-8.47%,-0.0847,,-8.47
Sep-78,865.82,876.82,917.27,850.92,-,-1.25%,-0.0125,,-1.25
Aug-78,876.82,862.27,911.21,855.34,-,1.69%,0.0169,,1.69
Jul-78,862.27,818.95,866.34,800.94,-,5.29%,0.0529,,5.29
Jun-78,818.95,840.61,879.33,807.95,-,-2.58%,-0.0258,,-2.58
May-78,840.61,837.32,865.64,813.84,-,0.39%,0.0039,,0.39
Apr-78,837.32,756.67,846.15,747.05,-,10.56%,0.1056,,10.56
Mar-78,757.36,742.12,777.81,736.75,-,2.05%,0.0205,,2.05
Feb-78,742.12,769.92,787.42,739.17,-,-3.61%,-0.0361,,-3.61
Jan-78,769.92,830.39,835.15,759.44,-,-7.37%,-0.0737,,-7.37
Dec-77,831.17,829.7,835.15,800.42,-,0.18%,0.0018,,0.18
Nov-77,829.7,816.01,850.05,794.53,-,1.39%,0.0139,,1.39
Oct-77,818.35,847.11,855.77,792.79,-,-3.40%,-0.034,,-3.4
Sep-77,847.11,861.49,879.76,830.3,-,-1.67%,-0.0167,,-1.67
Aug-77,861.49,890.07,900.03,844.42,-,-3.21%,-0.0321,,-3.21
Jul-77,890.07,916.3,927.84,878.81,-,-2.86%,-0.0286,,-2.86
Jun-77,916.3,898.66,934.36,896.46,-,1.96%,0.0196,,1.96
May-77,898.66,926.9,949.46,892.55,-,-3.05%,-0.0305,,-3.05
Apr-77,926.9,919.55,956.07,909.74,-,0.85%,0.0085,,0.85
Mar-77,919.13,936.42,971.58,914.15,-,-1.85%,-0.0185,,-1.85
Feb-77,936.42,954.37,963.76,926.03,-,-1.88%,-0.0188,,-1.88
Jan-77,954.37,"1,004.65","1,007.81",944.9,-,-5.00%,-0.05,,-5
Dec-76,"1,004.65","1,004.65","1,004.65","1,004.65",-,6.06%,0.0606,,6.06
Nov-76,947.22,947.22,947.22,947.22,-,-1.84%,-0.0184,,-1.84
Oct-76,964.93,964.93,964.93,964.93,-,-2.55%,-0.0255,,-2.55
Sep-76,990.19,990.19,990.19,990.19,-,1.69%,0.0169,,1.69
Aug-76,973.74,973.74,973.74,973.74,-,-1.11%,-0.0111,,-1.11
Jul-76,984.64,984.64,984.64,984.64,-,-1.81%,-0.0181,,-1.81
Jun-76,"1,002.78","1,002.78","1,002.78","1,002.78",-,2.82%,0.0282,,2.82
May-76,975.23,975.23,975.23,975.23,-,-2.17%,-0.0217,,-2.17
Apr-76,996.85,996.85,996.85,996.85,-,-0.26%,-0.0026,,-0.26
Mar-76,999.45,999.45,999.45,999.45,-,2.76%,0.0276,,2.76
Feb-76,972.61,972.61,972.61,972.61,-,-0.27%,-0.0027,,-0.27
Jan-76,975.28,975.28,975.28,975.28,-,14.41%,0.1441,,14.41
Dec-75,852.41,852.41,852.41,852.41,-,-0.96%,-0.0096,,-0.96
Nov-75,860.67,860.67,860.67,860.67,-,2.95%,0.0295,,2.95
Oct-75,836.04,836.04,836.04,836.04,-,5.31%,0.0531,,5.31
Sep-75,793.88,793.88,793.88,793.88,-,-4.96%,-0.0496,,-4.96
Aug-75,835.34,835.34,835.34,835.34,-,0.46%,0.0046,,0.46
Jul-75,831.51,831.51,831.51,831.51,-,-5.40%,-0.054,,-5.4
Jun-75,878.99,878.99,878.99,878.99,-,5.61%,0.0561,,5.61
May-75,832.29,832.29,832.29,832.29,-,1.33%,0.0133,,1.33
Apr-75,821.34,821.34,821.34,821.34,-,6.92%,0.0692,,6.92
Mar-75,768.15,768.15,768.15,768.15,-,3.94%,0.0394,,3.94
Feb-75,739.05,739.05,739.05,739.05,-,5.02%,0.0502,,5.02
Jan-75,703.69,703.69,703.69,703.69,-,14.19%,0.1419,,14.19
Dec-74,616.24,616.24,616.24,616.24,-,-0.39%,-0.0039,,-0.39
Nov-74,618.66,618.66,618.66,618.66,-,-7.04%,-0.0704,,-7.04
Oct-74,665.52,665.52,665.52,665.52,-,9.48%,0.0948,,9.48
Sep-74,607.87,607.87,607.87,607.87,-,-10.42%,-0.1042,,-10.42
Aug-74,678.58,678.58,678.58,678.58,-,-10.41%,-0.1041,,-10.41
Jul-74,757.43,757.43,757.43,757.43,-,-5.61%,-0.0561,,-5.61
Jun-74,802.41,802.41,802.41,802.41,-,0.03%,0.0003,,0.03
May-74,802.17,802.17,802.17,802.17,-,-4.13%,-0.0413,,-4.13
Apr-74,836.75,836.75,836.75,836.75,-,-1.17%,-0.0117,,-1.17
Mar-74,846.68,846.68,846.68,846.68,-,-1.61%,-0.0161,,-1.61
Feb-74,860.53,860.53,860.53,860.53,-,0.58%,0.0058,,0.58
Jan-74,855.55,855.55,855.55,855.55,-,0.55%,0.0055,,0.55
Dec-73,850.86,850.86,850.86,850.86,-,3.48%,0.0348,,3.48
Nov-73,822.25,822.25,822.25,822.25,-,-14.04%,-0.1404,,-14.04
Oct-73,956.58,956.58,956.58,956.58,-,1.00%,0.01,,1
Sep-73,947.1,947.1,947.1,947.1,-,6.71%,0.0671,,6.71
Aug-73,887.57,887.57,887.57,887.57,-,-4.19%,-0.0419,,-4.19
Jul-73,926.4,926.4,926.4,926.4,-,3.89%,0.0389,,3.89
Jun-73,891.71,891.71,891.71,891.71,-,-1.08%,-0.0108,,-1.08
May-73,901.41,901.41,901.41,901.41,-,-2.17%,-0.0217,,-2.17
Apr-73,921.43,921.43,921.43,921.43,-,-3.11%,-0.0311,,-3.11
Mar-73,951.01,951.01,951.01,951.01,-,-0.43%,-0.0043,,-0.43
Feb-73,955.07,955.07,955.07,955.07,-,-4.40%,-0.044,,-4.4
Jan-73,999.02,999.02,999.02,999.02,-,-2.06%,-0.0206,,-2.06
Dec-72,"1,020.02","1,020.02","1,020.02","1,020.02",-,0.18%,0.0018,,0.18
Nov-72,"1,018.21","1,018.21","1,018.21","1,018.21",-,6.56%,0.0656,,6.56
Oct-72,955.52,955.52,955.52,955.52,-,0.24%,0.0024,,0.24
Sep-72,953.27,953.27,953.27,953.27,-,-1.09%,-0.0109,,-1.09
Aug-72,963.73,963.73,963.73,963.73,-,4.22%,0.0422,,4.22
Jul-72,924.74,924.74,924.74,924.74,-,-0.46%,-0.0046,,-0.46
Jun-72,929.03,929.03,929.03,929.03,-,-3.30%,-0.033,,-3.3
May-72,960.72,960.72,960.72,960.72,-,0.69%,0.0069,,0.69
Apr-72,954.17,954.17,954.17,954.17,-,1.43%,0.0143,,1.43
Mar-72,940.7,940.7,940.7,940.7,-,1.35%,0.0135,,1.35
Feb-72,928.13,928.13,928.13,928.13,-,2.88%,0.0288,,2.88
Jan-72,902.17,902.17,902.17,902.17,-,1.34%,0.0134,,1.34
Dec-71,890.2,890.2,890.2,890.2,-,7.08%,0.0708,,7.08
Nov-71,831.34,831.34,831.34,831.34,-,-0.91%,-0.0091,,-0.91
Oct-71,839,839,839,839,-,-5.43%,-0.0543,,-5.43
Sep-71,887.19,887.19,887.19,887.19,-,-1.21%,-0.0121,,-1.21
Aug-71,898.07,898.07,898.07,898.07,-,4.62%,0.0462,,4.62
Jul-71,858.43,858.43,858.43,858.43,-,-3.67%,-0.0367,,-3.67
Jun-71,891.14,891.14,891.14,891.14,-,-1.84%,-0.0184,,-1.84
May-71,907.81,907.81,907.81,907.81,-,-3.60%,-0.036,,-3.6
Apr-71,941.75,941.75,941.75,941.75,-,4.13%,0.0413,,4.13
Mar-71,904.37,904.37,904.37,904.37,-,2.91%,0.0291,,2.91
Feb-71,878.83,878.83,878.83,878.83,-,1.19%,0.0119,,1.19
Jan-71,868.5,868.5,868.5,868.5,-,3.53%,0.0353,,3.53
Dec-70,838.92,838.92,838.92,838.92,-,5.65%,0.0565,,5.65
Nov-70,794.09,794.09,794.09,794.09,-,5.09%,0.0509,,5.09
Oct-70,755.61,755.61,755.61,755.61,-,-0.67%,-0.0067,,-0.67
Sep-70,760.68,760.68,760.68,760.68,-,-0.51%,-0.0051,,-0.51
Aug-70,764.58,764.58,764.58,764.58,-,4.15%,0.0415,,4.15
Jul-70,734.12,734.12,734.12,734.12,-,7.40%,0.074,,7.4
Jun-70,683.53,683.53,683.53,683.53,-,-2.41%,-0.0241,,-2.41
May-70,700.44,700.44,700.44,700.44,-,-4.84%,-0.0484,,-4.84
Apr-70,736.07,736.07,736.07,736.07,-,-6.30%,-0.063,,-6.3
Mar-70,785.57,785.57,785.57,785.57,-,1.03%,0.0103,,1.03
Feb-70,777.59,777.59,777.59,777.59,-,4.51%,0.0451,,4.51
