Year,Month,Return ,Amount 
1900,1,"2.10
%",102.1
1900,2,"1.11
%",103.23
1900,3,"1.59
%",104.87
1900,4,-0.0442,100.24
1900,5,-0.0264,97.59
1900,6,"0.36
%",97.95
1900,7,"1.74
%",99.65
1900,8,-0.0198,97.68
1900,9,"4.02
%",101.6
1900,10,"8.22
%",109.95
1900,11,"6.39
%",116.98
1900,12,"3.28
%",120.81
1901,1,"2.90
%",124.32
1901,2,"3.93
%",129.21
1901,3,"8.73
%",140.49
1901,4,-0.0472,133.85
1901,5,"10.29
%",147.63
1901,6,-0.064,138.18
1901,7,"1.71
%",140.55
1901,8,-0.0017,140.31
1901,9,-0.008,139.19
1901,10,"2.48
%",142.64
1901,11,-0.0128,140.82
1901,12,"2.47
%",144.3
1902,1,"1.19
%",146.02
1902,2,"0.45
%",146.68
1902,3,"3.74
%",152.17
1902,4,"0.08
%",152.29
1902,5,-0.0027,151.88
1902,6,"2.58
%",155.8
1902,7,"2.99
%",160.46
1902,8,"0.53
%",161.31
1902,9,-0.0286,156.71
1902,10,-0.0353,151.17
1902,11,-0.0197,148.19
1902,12,"5.43
%",156.24
1903,1,-0.0026,155.83
1903,2,-0.0359,150.23
1903,3,-0.0374,144.62
1903,4,-0.0157,142.34
1903,5,-0.0516,135
1903,6,-0.042,129.33
1903,7,-0.028,125.71
1903,8,-0.0198,123.22
1903,9,-0.028,119.77
1903,10,"0.78
%",120.71
1903,11,"5.08
%",126.84
1903,12,"2.12
%",129.52
1904,1,-0.0226,126.59
1904,2,"0.13
%",126.76
1904,3,"2.91
%",130.45
1904,4,-0.0169,128.25
1904,5,"0.58
%",128.99
1904,6,"4.57
%",134.89
1904,7,"3.79
%",140
1904,8,"4.81
%",146.73
1904,9,"6.24
%",155.89
1904,10,"5.76
%",164.87
1904,11,"1.30
%",167.01
1904,12,"2.49
%",171.17
1905,1,"4.70
%",179.22
1905,2,"3.14
%",184.84
1905,3,-0.0093,183.13
1905,4,-0.0463,174.66
1905,5,"1.49
%",177.26
1905,6,"3.45
%",183.37
1905,7,"4.02
%",190.75
1905,8,"0.62
%",191.93
1905,9,"1.70
%",195.19
1905,10,-0.0024,194.72
1905,11,"2.76
%",200.1
1905,12,"3.75
%",207.6
1906,1,-0.0043,206.72
1906,2,-0.0216,202.25
1906,3,-0.0106,200.12
1906,4,-0.0234,195.44
1906,5,"1.63
%",198.63
1906,6,-0.0225,194.15
1906,7,"7.74
%",209.17
1906,8,"3.41
%",216.3
1906,9,-0.0267,210.51
1906,10,"2.39
%",215.54
1906,11,-0.0058,214.3
1906,12,-0.0251,208.93
1907,1,-0.0279,203.11
1907,2,-0.0946,183.89
1907,3,"0.89
%",185.52
1907,4,-0.0305,179.87
1907,5,-0.0278,174.87
1907,6,"4.27
%",182.34
1907,7,-0.0706,169.47
1907,8,-0.0059,168.47
1907,9,-0.1039,150.96
1907,10,-0.0533,142.92
1907,11,"5.70
%",151.06
1907,12,"4.82
%",158.35
1908,1,-0.0312,153.41
1908,2,"4.64
%",160.52
1908,3,"5.91
%",170.01
1908,4,"5.88
%",180
1908,5,"0.59
%",181.07
1908,6,"4.12
%",188.53
1908,7,"4.73
%",197.45
1908,8,-0.0067,196.12
1908,9,"1.64
%",199.34
1908,10,"7.18
%",213.66
1908,11,"2.65
%",219.31
1908,12,"0.70
%",220.85
1909,1,-0.025,215.33
1909,2,"1.75
%",219.1
1909,3,"4.87
%",229.76
1909,4,"3.70
%",238.25
1909,5,"2.13
%",243.32
1909,6,"1.79
%",247.66
1909,7,"2.77
%",254.52
1909,8,"0.45
%",255.66
1909,9,"0.74
%",257.56
1909,10,-0.0014,257.21
1909,11,"1.54
%",261.17
1909,12,-0.0178,256.52
1910,1,-0.0321,248.29
1910,2,"2.85
%",255.37
1910,3,-0.0204,250.18
1910,4,-0.0126,247.02
1910,5,-0.0442,236.11
1910,6,-0.0464,225.16
1910,7,"2.87
%",231.63
1910,8,"1.11
%",234.2
1910,9,"5.03
%",245.99
1910,10,"0.31
%",246.75
1910,11,-0.0237,240.89
1910,12,"2.86
%",247.79
1911,1,"2.15
%",253.11
1911,2,-0.0075,251.21
1911,3,-0.0001,251.19
1911,4,"2.58
%",257.66
1911,5,"2.42
%",263.89
1911,6,-0.0001,263.87
1911,7,-0.0437,252.34
1911,8,-0.0503,239.66
1911,9,"1.03
%",242.12
1911,10,"4.46
%",252.93
1911,11,"0.87
%",255.13
1911,12,"0.54
%",256.51
1912,1,-0.0045,255.36
1912,2,"3.31
%",263.82
1912,3,"3.54
%",273.16
1912,4,"0.31
%",274
1912,5,"0.41
%",275.13
1912,6,"0.52
%",276.55
1912,7,"2.71
%",284.04
1912,8,"0.91
%",286.64
1912,9,"0.20
%",287.22
1912,10,-0.0071,285.17
1912,11,-0.0319,276.08
1912,12,-0.0043,274.9
1913,1,-0.0312,266.33
1913,2,-0.0145,262.47
1913,3,"0.34
%",263.37
1913,4,-0.0228,257.37
1913,5,-0.0456,245.63
1913,6,"1.85
%",250.17
1913,7,"3.16
%",258.07
1913,8,"1.42
%",261.74
1913,9,-0.027,254.68
1913,10,-0.0206,249.44
1913,11,"0.37
%",250.37
1913,12,"4.60
%",261.89
1914,1,"1.79
%",266.57
1914,2,-0.0142,262.77
1914,3,-0.0194,257.68
1914,4,"1.09
%",260.48
1914,5,-0.0003,260.42
1914,6,-0.0507,247.21
1914,7,"0.48
%",248.4
1914,8,"0.48
%",249.58
1914,9,"0.47
%",250.76
1914,10,"0.47
%",251.93
1914,11,-0.0384,242.27
1914,12,"2.24
%",247.71
1915,1,-0.0087,245.56
1915,2,"3.05
%",253.05
1915,3,"7.99
%",273.28
1915,4,-0.019,268.09
1915,5,"1.58
%",272.31
1915,6,"0.07
%",272.5
1915,7,"4.69
%",285.27
1915,8,"4.14
%",297.08
1915,9,"5.95
%",314.76
1915,10,"3.89
%",327.01
1915,11,"0.59
%",328.94
1915,12,-0.012,324.98
1916,1,-0.01,321.73
1916,2,"0.08
%",322
1916,3,-0.0067,319.84
1916,4,"2.64
%",328.28
1916,5,"1.41
%",332.9
1916,6,-0.0095,329.74
1916,7,"1.22
%",333.75
1916,8,"4.55
%",348.93
1916,9,"3.55
%",361.33
1916,10,"2.75
%",371.28
1916,11,-0.0357,358.04
1916,12,-0.0187,351.34
1917,1,-0.0515,333.26
1917,2,"3.64
%",345.38
1917,3,-0.0097,342.02
1917,4,-0.0283,332.33
1917,5,"2.61
%",341
1917,6,-0.0219,333.54
1917,7,-0.0236,325.68
1917,8,-0.0417,312.09
1917,9,-0.0474,297.28
1917,10,-0.0761,274.66
1917,11,-0.0261,267.51
1917,12,"6.87
%",285.9
1918,1,"3.84
%",296.87
1918,2,-0.0127,293.11
1918,3,-0.0021,292.5
1918,4,"3.94
%",304.03
1918,5,"0.85
%",306.62
1918,6,"1.51
%",311.25
1918,7,"1.62
%",316.29
1918,8,"0.14
%",316.75
1918,9,"4.91
%",332.29
1918,10,"3.17
%",342.82
1918,11,-0.0139,338.07
1918,12,-0.0003,337.97
1919,1,"0.98
%",341.29
1919,2,"3.64
%",353.72
1919,3,"3.90
%",367.51
1919,4,"7.47
%",394.95
1919,5,"3.19
%",407.55
1919,6,"3.75
%",422.85
1919,7,-0.0625,396.42
1919,8,"2.09
%",404.7
1919,9,"5.60
%",427.38
1919,10,-0.0248,416.77
1919,11,-0.0245,406.54
1919,12,-0.0051,404.45
1920,1,-0.0777,373.03
1920,2,"7.58
%",401.3
1920,3,-0.003,400.08
1920,4,-0.0577,376.99
1920,5,-0.012,372.48
1920,6,"0.42
%",374.04
1920,7,-0.0337,361.43
1920,8,"4.12
%",376.32
1920,9,"0.67
%",378.85
1920,10,-0.0453,361.67
1920,11,-0.0839,331.34
1920,12,"5.03
%",348
1921,1,-0.0011,347.62
1921,2,-0.0196,340.81
1921,3,"1.04
%",344.35
1921,4,"3.63
%",356.87
1921,5,-0.0743,330.34
1921,6,"0.31
%",331.37
1921,7,-0.0061,329.34
1921,8,"3.10
%",339.54
1921,9,"1.96
%",346.19
1921,10,"5.96
%",366.81
1921,11,"4.09
%",381.8
1921,12,"0.39
%",383.28
1922,1,"2.72
%",393.72
1922,2,"4.28
%",410.55
1922,3,"6.58
%",437.57
1922,4,"4.38
%",456.74
1922,5,-0.0047,454.61
1922,6,"1.19
%",460.01
1922,7,"4.24
%",479.51
1922,8,"3.07
%",494.23
1922,9,"2.67
%",507.4
1922,10,-0.0452,484.49
1922,11,"0.25
%",485.71
1922,12,"1.85
%",494.7
1923,1,"4.75
%",518.19
1923,2,"2.08
%",528.95
1923,3,-0.0304,512.85
1923,4,-0.0425,491.04
1923,5,-0.0331,474.8
1923,6,-0.0284,461.33
1923,7,"1.04
%",466.1
1923,8,"1.16
%",471.49
1923,9,-0.0094,467.08
1923,10,"3.54
%",483.59
1923,11,"3.92
%",502.54
1923,12,"3.79
%",521.59
1924,1,"0.95
%",526.57
1924,2,-0.0142,519.12
1924,3,-0.0179,509.85
1924,4,"0.17
%",510.73
1924,5,"2.42
%",523.08
1924,6,"5.16
%",550.06
1924,7,"3.93
%",571.69
1924,8,-0.0048,568.95
1924,9,-0.0081,564.36
1924,10,"6.08
%",598.7
1924,11,"5.87
%",633.84
1924,12,"4.58
%",662.9
1925,1,"1.29
%",671.43
1925,2,-0.0219,656.74
1925,3,-0.0061,652.75
1925,4,"3.67
%",676.7
1925,5,"2.24
%",691.85
1925,6,"3.22
%",714.14
1925,7,"1.79
%",726.9
1925,8,"2.74
%",746.84
1925,9,"3.73
%",774.67
1925,10,"3.53
%",801.99
1925,11,"2.04
%",818.32
1925,12,"1.93
%",834.08
1926,1,"0.56
%",838.74
1926,2,-0.0638,785.2
1926,3,-0.0235,766.71
1926,4,"1.15
%",775.56
1926,5,"5.22
%",816.02
1926,6,"4.66
%",854.01
1926,7,"4.39
%",891.53
1926,8,"1.94
%",908.85
1926,9,-0.0183,892.18
1926,10,"1.74
%",907.68
1926,11,"2.71
%",932.24
1926,12,-0.0024,930
1927,1,"2.37
%",952.07
1927,2,"1.97
%",970.79
1927,3,"2.88
%",998.73
1927,4,"3.87
%","1,037.37"
1927,5,"1.70
%","1,055.03"
1927,6,"2.62
%","1,082.72"
1927,7,"5.73
%","1,144.71"
1927,8,"6.06
%","1,214.12"
1927,9,-0.0117,"1,199.96"
1927,10,"2.66
%","1,231.84"
1927,11,"2.72
%","1,265.31"
1927,12,"0.77
%","1,275.03"
1928,1,-0.0083,"1,264.47"
1928,2,"5.75
%","1,337.13"
1928,3,"6.66
%","1,426.21"
1928,4,"3.44
%","1,475.20"
1928,5,-0.0457,"1,407.85"
1928,6,"1.09
%","1,423.21"
1928,7,"3.59
%","1,474.32"
1928,8,"7.37
%","1,583.04"
1928,9,"2.36
%","1,620.37"
1928,10,"7.08
%","1,735.12"
1928,11,"0.70
%","1,747.18"
1928,12,"7.69
%","1,881.58"
1929,1,"0.81
%","1,896.85"
1929,2,"2.05
%","1,935.75"
1929,3,-0.003,"1,929.91"
1929,4,"1.80
%","1,964.59"
1929,5,"2.20
%","2,007.84"
1929,6,"9.20
%","2,192.57"
1929,7,"5.96
%","2,323.19"
1929,8,"4.24
%","2,421.79"
1929,9,-0.1032,"2,171.74"
1929,10,-0.2619,"1,602.94"
1929,11,"4.37
%","1,673.04"
1929,12,"1.83
%","1,703.60"
1930,1,"6.64
%","1,816.67"
1930,2,"4.12
%","1,891.55"
1930,3,"6.69
%","2,018.05"
1930,4,-0.0565,"1,904.00"
1930,5,-0.0977,"1,717.99"
1930,6,-0.0176,"1,687.75"
1930,7,-0.009,"1,672.63"
1930,8,"0.34
%","1,678.38"
1930,9,-0.1337,"1,453.96"
1930,10,-0.068,"1,355.09"
1930,11,-0.0619,"1,271.25"
1930,12,"3.56
%","1,316.46"
1931,1,"8.14
%","1,423.60"
1931,2,"2.38
%","1,457.49"
1931,3,-0.0908,"1,325.16"
1931,4,-0.0916,"1,203.77"
1931,5,-0.0268,"1,171.52"
1931,6,"3.86
%","1,216.71"
1931,7,-0.0249,"1,186.48"
1931,8,-0.1437,"1,016.00"
1931,9,-0.1275,886.46
1931,10,"2.05
%",904.67
1931,11,-0.181,740.93
1931,12,-0.0085,734.63
1932,1,-0.0005,734.29
1932,2,"1.14
%",742.67
1932,3,-0.2322,570.19
1932,4,-0.1131,505.67
1932,5,-0.1239,443.01
1932,6,"6.18
%",470.41
1932,7,"51.35
%",711.98
1932,8,"10.37
%",785.78
1932,9,-0.1322,681.93
1932,10,-0.0034,679.64
1932,11,-0.0264,661.7
1932,12,"4.57
%",691.94
1933,1,-0.1127,613.99
1933,2,"0.33
%",616.03
1933,3,"11.24
%",685.29
1933,4,"29.32
%",886.2
1933,5,"17.58
%","1,042.02"
1933,6,"8.46
%","1,130.20"
1933,7,-0.0464,"1,077.74"
1933,8,-0.0048,"1,072.52"
1933,9,-0.0938,971.95
1933,10,"2.80
%",999.17
1933,11,"2.32
%","1,022.37"
1933,12,"6.08
%","1,084.58"
1934,1,"7.75
%","1,168.63"
1934,2,-0.048,"1,112.55"
1934,3,"2.02
%","1,135.02"
1934,4,-0.0983,"1,023.48"
1934,5,"1.70
%","1,040.91"
1934,6,-0.0436,995.57
1934,7,-0.0351,960.58
1934,8,-0.0201,941.29
1934,9,"1.21
%",952.66
1934,10,"3.21
%",983.25
1934,11,"1.06
%",993.66
1934,12,"0.40
%",997.68
1935,1,-0.0262,971.56
1935,2,-0.0593,913.95
1935,3,"7.94
%",986.49
1935,4,"8.27
%","1,068.03"
1935,5,"4.17
%","1,112.60"
1935,6,"5.60
%","1,174.90"
1935,7,"7.10
%","1,258.38"
1935,8,"2.43
%","1,289.00"
1935,9,"2.99
%","1,327.49"
1935,10,"9.71
%","1,456.39"
1935,11,"0.29
%","1,460.67"
1935,12,"5.82
%","1,545.71"
1936,1,"6.03
%","1,638.95"
1936,2,"2.41
%","1,678.47"
1936,3,"0.41
%","1,685.43"
1936,4,-0.0502,"1,600.83"
1936,5,"4.57
%","1,674.05"
1936,6,"6.23
%","1,778.41"
1936,7,"2.30
%","1,819.27"
1936,8,"1.44
%","1,845.54"
1936,9,"5.55
%","1,947.98"
1936,10,"3.10
%","2,008.40"
1936,11,-0.014,"1,980.28"
1936,12,"3.46
%","2,048.77"
1937,1,"3.30
%","2,116.42"
1937,2,"0.23
%","2,121.29"
1937,3,-0.0562,"2,001.97"
1937,4,-0.0409,"1,920.18"
1937,5,-0.0334,"1,856.07"
1937,6,"6.39
%","1,974.75"
1937,7,"1.44
%","2,003.12"
1937,8,-0.1376,"1,727.43"
1937,9,-0.141,"1,483.90"
1937,10,-0.0827,"1,361.25"
1937,11,-0.0102,"1,347.38"
1937,12,"3.24
%","1,390.98"
1938,1,-0.018,"1,365.91"
1938,2,-0.0602,"1,283.70"
1938,3,-0.0344,"1,239.50"
1938,4,"1.56
%","1,258.79"
1938,5,"2.93
%","1,295.72"
1938,6,"20.49
%","1,561.16"
1938,7,"1.06
%","1,577.67"
1938,8,-0.0408,"1,513.23"
1938,9,"11.62
%","1,689.03"
1938,10,"0.47
%","1,696.90"
1938,11,-0.0255,"1,653.62"
1938,12,-0.0116,"1,634.40"
1939,1,-0.0046,"1,626.92"
1939,2,"0.27
%","1,631.25"
1939,3,-0.1224,"1,431.57"
1939,4,"4.10
%","1,490.21"
1939,5,"2.17
%","1,522.57"
1939,6,"2.84
%","1,565.75"
1939,7,-0.0107,"1,549.04"
1939,8,"11.06
%","1,720.30"
1939,9,"1.38
%","1,744.10"
1939,10,-0.0141,"1,719.54"
1939,11,-0.0197,"1,685.61"
1939,12,-0.0015,"1,683.11"
1940,1,-0.0023,"1,679.27"
1940,2,-0.0015,"1,676.83"
1940,3,"1.42
%","1,700.63"
1940,4,-0.1334,"1,473.75"
1940,5,-0.0809,"1,354.46"
1940,6,"3.87
%","1,406.87"
1940,7,"2.65
%","1,444.15"
1940,8,"4.76
%","1,512.86"
1940,9,"1.47
%","1,535.03"
1940,10,"2.85
%","1,578.79"
1940,11,-0.0359,"1,522.11"
1940,12,"0.72
%","1,533.07"
1941,1,-0.0572,"1,445.32"
1941,2,"1.18
%","1,462.33"
1941,3,-0.0255,"1,425.10"
1941,4,-0.0159,"1,402.47"
1941,5,"4.11
%","1,460.06"
1941,6,"5.71
%","1,543.46"
1941,7,"0.08
%","1,544.63"
1941,8,"0.86
%","1,557.95"
1941,9,-0.0343,"1,504.45"
1941,10,-0.0408,"1,443.02"
1941,11,-0.0588,"1,358.14"
1941,12,"2.62
%","1,393.67"
1942,1,-0.0248,"1,359.12"
1942,2,-0.0476,"1,294.39"
1942,3,-0.0345,"1,249.69"
1942,4,"1.87
%","1,273.07"
1942,5,"5.75
%","1,346.25"
1942,6,"4.38
%","1,405.24"
1942,7,"0.05
%","1,405.87"
1942,8,"1.66
%","1,429.24"
1942,9,"7.97
%","1,543.13"
1942,10,"2.15
%","1,576.38"
1942,11,"1.06
%","1,593.03"
1942,12,"6.50
%","1,696.63"
1943,1,"6.43
%","1,805.79"
1943,2,"4.01
%","1,878.29"
1943,3,"3.79
%","1,949.41"
1943,4,"4.36
%","2,034.47"
1943,5,"2.18
%","2,078.81"
1943,6,"2.47
%","2,130.21"
1943,7,-0.0454,"2,033.52"
1943,8,"2.55
%","2,085.44"
1943,9,-0.005,"2,075.00"
1943,10,-0.0421,"1,987.72"
1943,11,"1.77
%","2,022.91"
1943,12,"3.67
%","2,097.06"
1944,1,-0.0024,"2,091.95"
1944,2,"3.24
%","2,159.73"
1944,3,-0.0131,"2,131.47"
1944,4,"2.20
%","2,178.43"
1944,5,"5.14
%","2,290.45"
1944,6,"3.02
%","2,359.60"
1944,7,-0.0106,"2,334.69"
1944,8,-0.0123,"2,306.09"
1944,9,"2.88
%","2,372.59"
1944,10,-0.0028,"2,365.85"
1944,11,"2.60
%","2,427.36"
1944,12,"3.38
%","2,509.51"
1945,1,"3.73
%","2,603.20"
1945,2,"0.31
%","2,611.39"
1945,3,"2.90
%","2,687.16"
1945,4,"4.16
%","2,798.97"
1945,5,"2.19
%","2,860.19"
1945,6,-0.017,"2,811.70"
1945,7,"0.71
%","2,831.57"
1945,8,"7.18
%","3,034.86"
1945,9,"4.51
%","3,171.85"
1945,10,"3.61
%","3,286.23"
1945,11,"2.02
%","3,352.77"
1945,12,"4.30
%","3,496.90"
1946,1,"0.59
%","3,517.38"
1946,2,-0.0268,"3,423.19"
1946,3,"6.77
%","3,654.92"
1946,4,"0.52
%","3,673.86"
1946,5,-0.0034,"3,661.41"
1946,6,-0.0255,"3,568.14"
1946,7,-0.0162,"3,510.20"
1946,8,-0.1442,"3,003.95"
1946,9,-0.0187,"2,947.71"
1946,10,-0.0001,"2,947.32"
1946,11,"3.39
%","3,047.36"
1946,12,"0.92
%","3,075.39"
1947,1,"4.27
%","3,206.70"
1947,2,-0.0367,"3,088.93"
1947,3,-0.033,"2,987.06"
1947,4,-0.0136,"2,946.36"
1947,5,"3.92
%","3,061.88"
1947,6,"6.69
%","3,266.83"
1947,7,-0.0156,"3,215.91"
1947,8,-0.0217,"3,146.22"
1947,9,"3.03
%","3,241.45"
1947,10,-0.0073,"3,217.79"
1947,11,-0.0112,"3,181.67"
1947,12,-0.0086,"3,154.15"
1948,1,-0.0445,"3,013.84"
1948,2,"1.92
%","3,071.67"
1948,3,"8.19
%","3,323.17"
1948,4,"5.33
%","3,500.30"
1948,5,"4.59
%","3,660.86"
1948,6,-0.0196,"3,589.22"
1948,7,-0.0249,"3,499.90"
1948,8,-0.0068,"3,476.17"
1948,9,"3.19
%","3,587.01"
1948,10,-0.051,"3,404.04"
1948,11,-0.0016,"3,398.66"
1948,12,"1.63
%","3,454.04"
1949,1,-0.0333,"3,339.10"
1949,2,"1.49
%","3,388.90"
1949,3,"0.41
%","3,402.92"
1949,4,-0.0018,"3,396.70"
1949,5,-0.0491,"3,229.82"
1949,6,"6.26
%","3,432.12"
1949,7,"4.17
%","3,575.26"
1949,8,"1.87
%","3,642.16"
1949,9,"3.14
%","3,756.59"
1949,10,"1.95
%","3,829.74"
1949,11,"3.24
%","3,953.89"
1949,12,"2.63
%","4,057.88"
1950,1,"2.52
%","4,160.24"
1950,2,"1.38
%","4,217.45"
1950,3,"3.39
%","4,360.26"
1950,4,"3.91
%","4,530.94"
1950,5,"2.16
%","4,629.02"
1950,6,-0.0672,"4,317.79"
1950,7,"6.64
%","4,604.38"
1950,8,"4.11
%","4,793.56"
1950,9,"4.72
%","5,019.88"
1950,10,"0.38
%","5,038.76"
1950,11,"0.19
%","5,048.57"
1950,12,"8.01
%","5,453.10"
1951,1,"4.31
%","5,688.06"
1951,2,-0.0111,"5,624.78"
1951,3,"1.93
%","5,733.14"
1951,4,"0.63
%","5,769.17"
1951,5,-0.0115,"5,703.11"
1951,6,"2.37
%","5,838.08"
1951,7,"4.97
%","6,127.96"
1951,8,"3.14
%","6,320.12"
1951,9,"0.03
%","6,321.91"
1951,10,-0.0225,"6,179.46"
1951,11,"3.61
%","6,402.73"
1951,12,"3.83
%","6,648.20"
1952,1,-0.0133,"6,559.64"
1952,2,"0.75
%","6,608.82"
1952,3,"0.20
%","6,622.24"
1952,4,"0.46
%","6,652.69"
1952,5,"3.24
%","6,868.56"
1952,6,"3.37
%","7,099.81"
1952,7,"0.88
%","7,162.33"
1952,8,-0.0111,"7,082.92"
1952,9,-0.0161,"6,968.82"
1952,10,"3.67
%","7,224.40"
1952,11,"4.51
%","7,550.15"
1952,12,"0.99
%","7,624.81"
1953,1,-0.0077,"7,565.84"
1953,2,"0.96
%","7,638.25"
1953,3,-0.0447,"7,296.60"
1953,4,"1.00
%","7,369.76"
1953,5,-0.0311,"7,140.74"
1953,6,"1.91
%","7,277.39"
1953,7,"0.90
%","7,342.80"
1953,8,-0.0411,"7,041.24"
1953,9,"3.52
%","7,288.86"
1953,10,"2.71
%","7,486.26"
1953,11,"1.84
%","7,623.76"
1953,12,"3.02
%","7,854.30"
1954,1,"2.68
%","8,064.50"
1954,2,"2.58
%","8,272.76"
1954,3,"4.45
%","8,640.94"
1954,4,"4.42
%","9,023.09"
1954,5,"1.22
%","9,133.45"
1954,6,"4.46
%","9,540.56"
1954,7,"2.39
%","9,768.98"
1954,8,"2.74
%","10,036.63"
1954,9,"2.71
%","10,308.69"
1954,10,"4.30
%","10,752.19"
1954,11,"4.95
%","11,284.78"
1954,12,"2.17
%","11,529.49"
1955,1,"3.70
%","11,956.63"
1955,2,-0.0044,"11,904.45"
1955,3,"3.81
%","12,357.80"
1955,4,-0.0008,"12,348.07"
1955,5,"6.15
%","13,106.87"
1955,6,"7.64
%","14,108.78"
1955,7,-0.003,"14,066.55"
1955,8,"4.82
%","14,744.05"
1955,9,-0.0472,"14,047.42"
1955,10,"7.07
%","15,040.03"
1955,11,"1.24
%","15,226.10"
1955,12,-0.0239,"14,862.54"
1956,1,"0.95
%","15,003.64"
1956,2,"7.21
%","16,084.82"
1956,3,"1.48
%","16,323.32"
1956,4,-0.0284,"15,859.99"
1956,5,-0.0026,"15,818.43"
1956,6,"5.75
%","16,727.81"
1956,7,-0.0028,"16,680.18"
1956,8,-0.0309,"16,164.96"
1956,9,-0.0095,"16,010.81"
1956,10,-0.0071,"15,896.74"
1956,11,"1.81
%","16,184.30"
1956,12,-0.0186,"15,882.85"
1957,1,-0.04,"15,248.21"
1957,2,"1.62
%","15,495.31"
1957,3,"2.64
%","15,905.01"
1957,4,"4.16
%","16,566.69"
1957,5,"1.95
%","16,890.43"
1957,6,"2.32
%","17,282.65"
1957,7,-0.0521,"16,383.07"
1957,8,-0.0374,"15,770.43"
1957,9,-0.059,"14,840.51"
1957,10,-0.018,"14,573.31"
1957,11,"0.32
%","14,619.67"
1957,12,"2.33
%","14,960.11"
1958,1,"0.70
%","15,065.12"
1958,2,"2.42
%","15,429.53"
1958,3,"0.90
%","15,567.85"
1958,4,"3.56
%","16,121.73"
1958,5,"2.74
%","16,562.69"
1958,6,"3.07
%","17,071.29"
1958,7,"4.05
%","17,763.41"
1958,8,"2.94
%","18,286.32"
1958,9,"4.36
%","19,083.42"
1958,10,"3.33
%","19,718.19"
1958,11,"2.16
%","20,144.58"
1958,12,"4.25
%","21,001.67"
1959,1,-0.0127,"20,735.99"
1959,2,"2.81
%","21,317.88"
1959,3,"1.94
%","21,730.68"
1959,4,"1.77
%","22,114.32"
1959,5,-0.0061,"21,980.25"
1959,6,"4.23
%","22,909.48"
1959,7,-0.0032,"22,836.52"
1959,8,-0.037,"21,990.83"
1959,9,"0.18
%","22,029.69"
1959,10,"0.67
%","22,177.09"
1959,11,"3.46
%","22,945.11"
1959,12,-0.0149,"22,604.20"
1960,1,-0.0361,"21,788.36"
1960,2,-0.0108,"21,553.45"
1960,3,"1.58
%","21,894.92"
1960,4,-0.0062,"21,758.17"
1960,5,"3.99
%","22,625.91"
1960,6,-0.022,"22,129.02"
1960,7,"1.49
%","22,458.93"
1960,8,-0.0272,"21,847.88"
1960,9,-0.0167,"21,482.15"
1960,10,"3.54
%","22,242.80"
1960,11,"2.69
%","22,841.28"
1960,12,"5.43
%","24,080.86"
1961,1,"4.37
%","25,134.18"
1961,2,"3.40
%","25,988.00"
1961,3,"2.92
%","26,746.59"
1961,4,"1.26
%","27,084.50"
1961,5,-0.0108,"26,791.93"
1961,6,-0.0003,"26,784.45"
1961,7,"3.84
%","27,812.69"
1961,8,-0.0054,"27,662.03"
1961,9,"1.34
%","28,033.55"
1961,10,"4.77
%","29,371.32"
1961,11,"1.16
%","29,712.91"
1961,12,-0.0349,"28,676.79"
1962,1,"1.91
%","29,224.37"
1962,2,"0.34
%","29,324.02"
1962,3,-0.0294,"28,460.45"
1962,4,-0.0719,"26,415.54"
1962,5,-0.1141,"23,400.80"
1962,6,"2.72
%","24,036.69"
1962,7,"3.02
%","24,763.32"
1962,8,-0.0059,"24,616.39"
1962,9,-0.0286,"23,913.27"
1962,10,"7.20
%","25,635.23"
1962,11,"4.62
%","26,820.54"
1962,12,"4.15
%","27,932.71"
1963,1,"1.60
%","28,378.39"
1963,2,-0.0011,"28,347.66"
1963,3,"4.98
%","29,758.85"
1963,4,"2.27
%","30,434.25"
1963,5,"0.22
%","30,500.18"
1963,6,-0.0122,"30,127.50"
1963,7,"3.03
%","31,040.71"
1963,8,"2.89
%","31,938.91"
1963,9,"0.50
%","32,098.57"
1963,10,-0.0031,"32,000.16"
1963,11,"2.39
%","32,766.04"
1963,12,"3.33
%","33,857.21"
1964,1,"1.48
%","34,358.27"
1964,2,"2.07
%","35,069.84"
1964,3,"1.69
%","35,663.61"
1964,4,"1.22
%","36,098.83"
1964,5,-0.0035,"35,972.25"
1964,6,"3.96
%","37,397.12"
1964,7,-0.0123,"36,938.76"
1964,8,"1.97
%","37,664.77"
1964,9,"1.97
%","38,406.83"
1964,10,"0.94
%","38,766.69"
1964,11,-0.0149,"38,188.94"
1964,12,"2.82
%","39,266.17"
1965,1,"0.98
%","39,649.03"
1965,2,"0.34
%","39,782.09"
1965,3,"1.56
%","40,401.75"
1965,4,"1.73
%","41,101.75"
1965,5,-0.0451,"39,249.15"
1965,6,"0.10
%","39,289.53"
1965,7,"2.12
%","40,121.91"
1965,8,"3.60
%","41,564.74"
1965,9,"2.50
%","42,602.54"
1965,10,"1.08
%","43,060.94"
1965,11,-0.0021,"42,969.81"
1965,12,"1.98
%","43,820.81"
1966,1,-0.0043,"43,632.20"
1966,2,-0.0386,"41,946.97"
1966,3,"3.32
%","43,340.02"
1966,4,-0.0501,"41,169.73"
1966,5,-0.0056,"40,939.37"
1966,6,"0.02
%","40,946.91"
1966,7,-0.0577,"38,584.49"
1966,8,-0.0322,"37,340.20"
1966,9,-0.0056,"37,129.45"
1966,10,"5.32
%","39,103.28"
1966,11,"0.72
%","39,383.18"
1966,12,"4.13
%","41,009.82"
1967,1,"3.73
%","42,539.49"
1967,2,"2.63
%","43,659.87"
1967,3,"1.99
%","44,529.78"
1967,4,"2.06
%","45,446.06"
1967,5,-0.0099,"44,995.31"
1967,6,"1.99
%","45,891.81"
1967,7,"1.85
%","46,741.56"
1967,8,"1.65
%","47,514.63"
1967,9,"0.10
%","47,560.91"
1967,10,-0.0288,"46,190.33"
1967,11,"3.11
%","47,627.65"
1967,12,-0.0002,"47,619.33"
1968,1,-0.0426,"45,592.18"
1968,2,-0.0156,"44,881.29"
1968,3,"7.66
%","48,319.98"
1968,4,"2.56
%","49,555.85"
1968,5,"2.94
%","51,013.14"
1968,6,"0.05
%","51,038.09"
1968,7,-0.0193,"50,051.06"
1968,8,"3.51
%","51,806.69"
1968,9,"2.72
%","53,214.37"
1968,10,"1.79
%","54,164.65"
1968,11,"1.29
%","54,860.83"
1968,12,-0.0399,"52,674.56"
1969,1,-0.0024,"52,548.90"
1969,2,-0.0191,"51,543.22"
1969,3,"2.27
%","52,715.44"
1969,4,"3.51
%","54,567.59"
1969,5,-0.0497,"51,854.86"
1969,6,-0.0421,"49,674.20"
1969,7,-0.0028,"49,533.31"
1969,8,"0.63
%","49,844.64"
1969,9,"1.35
%","50,515.76"
1969,10,"1.00
%","51,019.64"
1969,11,-0.0503,"48,454.63"
1969,12,-0.0059,"48,169.22"
1970,1,-0.032,"46,629.69"
1970,2,"2.01
%","47,568.00"
1970,3,-0.0275,"46,260.97"
1970,4,-0.112,"41,080.20"
1970,5,-0.0027,"40,969.33"
1970,6,"0.52
%","41,183.42"
1970,7,"3.26
%","42,524.26"
1970,8,"6.32
%","45,212.34"
1970,9,"2.49
%","46,337.91"
1970,10,"0.21
%","46,433.71"
1970,11,"7.16
%","49,757.60"
1970,12,"4.11
%","51,802.98"
1971,1,"4.15
%","53,953.35"
1971,2,"2.83
%","55,481.23"
1971,3,"3.67
%","57,519.53"
1971,4,-0.0111,"56,882.29"
1971,5,-0.016,"55,974.53"
1971,6,-0.0046,"55,715.39"
1971,7,-0.0152,"54,870.12"
1971,8,"2.49
%","56,234.41"
1971,9,-0.0186,"55,186.38"
1971,10,-0.0437,"52,773.89"
1971,11,"7.16
%","56,554.41"
1971,12,"4.42
%","59,055.55"
1972,1,"2.09
%","60,288.01"
1972,2,"2.62
%","61,867.33"
1972,3,"1.26
%","62,646.17"
1972,4,-0.0078,"62,160.11"
1972,5,"0.52
%","62,480.91"
1972,6,-0.005,"62,166.10"
1972,7,"3.78
%","64,518.27"
1972,8,-0.0121,"63,737.30"
1972,9,"0.42
%","64,003.36"
1972,10,"5.25
%","67,366.23"
1972,11,"2.31
%","68,923.41"
1972,12,"0.99
%","69,605.31"
1973,1,-0.0333,"67,290.85"
1973,2,-0.0135,"66,385.55"
1973,3,-0.0163,"65,301.27"
1973,4,-0.0257,"63,623.19"
1973,5,-0.0199,"62,357.22"
1973,6,"1.21
%","63,111.89"
1973,7,-0.0164,"62,079.75"
1973,8,"2.00
%","63,318.42"
1973,9,"4.24
%","66,000.16"
1973,10,-0.0685,"61,477.26"
1973,11,-0.0681,"57,293.56"
1973,12,"1.70
%","58,267.79"
1974,1,-0.0247,"56,826.91"
1974,2,"4.57
%","59,426.54"
1974,3,-0.0482,"56,564.17"
1974,4,-0.0271,"55,033.73"
1974,5,"0.46
%","55,285.36"
1974,6,-0.1135,"49,012.22"
1974,7,-0.0376,"47,167.02"
1974,8,-0.1001,"42,443.91"
1974,9,"2.38
%","43,452.77"
1974,10,"3.74
%","45,079.40"
1974,11,-0.0609,"42,333.24"
1974,12,"8.63
%","45,987.78"
1975,1,"10.81
%","50,957.92"
1975,2,"4.97
%","53,492.38"
1975,3,"1.49
%","54,287.83"
1975,4,"6.71
%","57,931.98"
1975,5,"2.89
%","59,608.89"
1975,6,"0.43
%","59,866.40"
1975,7,-0.07,"55,677.99"
1975,8,-0.0085,"55,203.24"
1975,9,"4.97
%","57,947.53"
1975,10,"2.04
%","59,130.65"
1975,11,-0.0118,"58,433.12"
1975,12,"9.55
%","64,010.73"
1976,1,"4.18
%","66,685.19"
1976,2,"0.80
%","67,220.27"
1976,3,"1.10
%","67,956.64"
1976,4,-0.0038,"67,696.18"
1976,5,"0.90
%","68,305.84"
1976,6,"2.67
%","70,126.43"
1976,7,-0.0056,"69,733.29"
1976,8,"2.44
%","71,433.30"
1976,9,-0.0311,"69,213.00"
1976,10,-0.0037,"68,959.24"
1976,11,"3.79
%","71,570.38"
1976,12,-0.0054,"71,185.87"
1977,1,-0.0237,"69,499.76"
1977,2,-0.0005,"69,462.11"
1977,3,-0.0119,"68,632.96"
1977,4,"0.06
%","68,677.23"
1977,5,"0.90
%","69,295.16"
1977,6,"1.28
%","70,183.83"
1977,7,-0.0208,"68,724.97"
1977,8,-0.0118,"67,917.23"
1977,9,-0.022,"66,424.50"
1977,10,"0.98
%","67,076.22"
1977,11,-0.0008,"67,022.46"
1977,12,-0.0339,"64,750.16"
1978,1,-0.0097,"64,120.80"
1978,2,"0.27
%","64,291.14"
1978,3,"4.83
%","67,396.40"
1978,4,"5.50
%","71,106.12"
1978,5,"0.67
%","71,585.06"
1978,6,-0.0006,"71,540.47"
1978,7,"7.33
%","76,783.05"
1978,8,"0.40
%","77,089.95"
1978,9,-0.0277,"74,951.86"
1978,10,-0.0544,"70,876.24"
1978,11,"1.92
%","72,239.06"
1978,12,"4.19
%","75,262.49"
1979,1,-0.0106,"74,467.00"
1979,2,"2.34
%","76,210.39"
1979,3,"2.43
%","78,062.99"
1979,4,-0.0189,"76,585.24"
1979,5,"2.42
%","78,436.80"
1979,6,"1.42
%","79,551.26"
1979,7,"5.01
%","83,540.23"
1979,8,"1.54
%","84,827.13"
1979,9,-0.0335,"81,983.28"
1979,10,-0.0032,"81,718.94"
1979,11,"4.40
%","85,317.84"
1979,12,"3.31
%","88,143.96"
1980,1,"4.40
%","92,018.64"
1980,2,-0.0878,"83,941.40"
1980,3,-0.0116,"82,965.96"
1980,4,"5.04
%","87,144.24"
1980,5,"6.86
%","93,124.68"
1980,6,"4.97
%","97,752.47"
1980,7,"3.50
%","101,178.38"
1980,8,"2.84
%","104,047.61"
1980,9,"3.32
%","107,506.95"
1980,10,"4.61
%","112,468.07"
1980,11,-0.0124,"111,068.09"
1980,12,"0.01
%","111,079.18"
1981,1,-0.0307,"107,668.86"
1981,2,"4.14
%","112,129.90"
1981,3,"1.29
%","113,580.63"
1981,4,-0.0162,"111,743.73"
1981,5,"0.86
%","112,702.03"
1981,6,-0.0202,"110,429.67"
1981,7,"0.80
%","111,315.94"
1981,8,-0.083,"102,073.73"
1981,9,"1.73
%","103,836.80"
1981,10,"3.04
%","106,997.31"
1981,11,"1.18
%","108,259.20"
1981,12,-0.048,"103,058.30"
1982,1,-0.0191,"101,085.87"
1982,2,-0.0274,"98,311.53"
1982,3,"5.47
%","103,688.49"
1982,4,"0.57
%","104,279.15"
1982,5,-0.0527,"98,783.00"
1982,6,"0.24
%","99,023.88"
1982,7,"0.79
%","99,810.10"
1982,8,"12.10
%","111,883.51"
1982,9,"8.88
%","121,820.33"
1982,10,"4.50
%","127,302.14"
1982,11,"1.36
%","129,027.72"
1982,12,"3.93
%","134,093.03"
1983,1,"2.13
%","136,949.23"
1983,2,"3.87
%","142,243.16"
1983,3,"4.20
%","148,213.66"
1983,4,"4.42
%","154,770.65"
1983,5,"1.75
%","157,484.56"
1983,6,"0.71
%","158,599.76"
1983,7,-0.0241,"154,781.97"
1983,8,"3.31
%","159,911.19"
1983,9,"0.65
%","160,947.29"
1983,10,-0.0114,"159,110.20"
1983,11,-0.0013,"158,906.34"
1983,12,"1.58
%","161,410.60"
1984,1,-0.0511,"153,159.00"
1984,2,"0.44
%","153,836.51"
1984,3,"0.51
%","154,616.77"
1984,4,-0.0025,"154,226.25"
1984,5,-0.0185,"151,375.68"
1984,6,-0.0091,"150,000.51"
1984,7,"9.21
%","163,810.40"
1984,8,"1.41
%","166,115.16"
1984,9,-0.0041,"165,430.09"
1984,10,"1.29
%","167,557.36"
1984,11,-0.0071,"166,371.80"
1984,12,"4.70
%","174,187.23"
1985,1,"5.79
%","184,268.07"
1985,2,-0.0048,"183,386.69"
1985,3,"1.02
%","185,265.87"
1985,4,"2.74
%","190,334.07"
1985,5,"2.51
%","195,113.29"
1985,6,"2.25
%","199,497.92"
1985,7,-0.0185,"195,816.56"
1985,8,-0.0188,"192,125.43"
1985,9,"1.50
%","194,998.79"
1985,10,"6.42
%","207,518.72"
1985,11,"5.29
%","218,505.83"
1985,12,"0.75
%","220,148.40"
1986,1,"5.70
%","232,690.80"
1986,2,"6.18
%","247,077.53"
1986,3,"2.74
%","253,850.98"
1986,4,"0.49
%","255,099.50"
1986,5,"3.13
%","263,092.38"
1986,6,-0.018,"258,346.42"
1986,7,"2.28
%","264,238.92"
1986,8,-0.0246,"257,748.59"
1986,9,-0.0009,"257,516.95"
1986,10,"3.53
%","266,614.89"
1986,11,"1.71
%","271,171.18"
1986,12,"6.67
%","289,267.44"
1987,1,"6.46
%","307,959.55"
1987,2,"4.38
%","321,437.12"
1987,3,-0.0086,"318,684.29"
1987,4,"0.17
%","319,235.08"
1987,5,"4.50
%","333,595.69"
1987,6,"3.12
%","344,010.87"
1987,7,"6.45
%","366,213.37"
1987,8,-0.0303,"355,115.55"
1987,9,-0.1185,"313,020.56"
1987,10,-0.123,"274,508.34"
1987,11,-0.0133,"270,844.49"
1987,12,"4.25
%","282,346.02"
1988,1,"3.33
%","291,744.09"
1988,2,"3.23
%","301,173.43"
1988,3,-0.0089,"298,504.96"
1988,4,-0.0219,"291,972.88"
1988,5,"6.00
%","309,485.99"
1988,6,-0.0031,"308,536.12"
1988,7,-0.0172,"303,233.97"
1988,8,"1.93
%","309,077.80"
1988,9,"3.80
%","320,827.75"
1988,10,-0.0202,"314,346.24"
1988,11,"2.33
%","321,657.79"
1988,12,"3.51
%","332,956.52"
1989,1,"3.30
%","343,943.60"
1989,2,-0.0016,"343,387.58"
1989,3,"3.56
%","355,628.66"
1989,4,"4.12
%","370,263.85"
1989,5,"3.39
%","382,825.51"
1989,6,"2.80
%","393,545.29"
1989,7,"4.69
%","412,005.53"
1989,8,"0.46
%","413,882.36"
1989,9,"0.29
%","415,067.13"
1989,10,-0.0181,"407,539.67"
1989,11,"2.74
%","418,692.84"
1989,12,-0.0221,"409,434.59"
1990,1,-0.0253,"399,087.43"
1990,2,"2.71
%","409,891.39"
1990,3,"0.20
%","410,694.72"
1990,4,"3.85
%","426,510.27"
1990,5,"3.17
%","440,030.46"
1990,6,"0.17
%","440,777.30"
1990,7,-0.0786,"406,126.79"
1990,8,-0.0434,"388,496.58"
1990,9,-0.0232,"379,499.90"
1990,10,"2.98
%","390,823.47"
1990,11,"4.59
%","408,749.00"
1990,12,-0.0069,"405,948.37"
1991,1,"11.61
%","453,065.89"
1991,2,"3.04
%","466,860.02"
1991,3,"2.26
%","477,405.59"
1991,4,-0.0018,"476,551.61"
1991,5,"0.35
%","478,205.30"
1991,6,"0.78
%","481,937.62"
1991,7,"2.68
%","494,848.41"
1991,8,-0.003,"493,348.52"
1991,9,"0.18
%","494,244.67"
1991,10,"0.02
%","494,322.74"
1991,11,"0.94
%","498,945.35"
1991,12,"7.36
%","535,657.87"
1992,1,-0.006,"532,439.40"
1992,2,-0.0101,"527,049.10"
1992,3,"0.26
%","528,442.10"
1992,4,"2.07
%","539,372.14"
1992,5,-0.0133,"532,203.22"
1992,6,"1.91
%","542,379.66"
1992,7,"0.94
%","547,487.35"
1992,8,"0.38
%","549,557.88"
1992,9,-0.0118,"543,061.80"
1992,10,"2.76
%","558,033.49"
1992,11,"3.27
%","576,287.88"
1992,12,"0.14
%","577,111.36"
1993,1,"1.72
%","587,062.18"
1993,2,"2.15
%","599,684.92"
1993,3,-0.0134,"591,638.67"
1993,4,"0.72
%","595,926.42"
1993,5,"0.87
%","601,082.28"
1993,6,"0.06
%","601,448.96"
1993,7,"1.76
%","612,049.29"
1993,8,"1.35
%","620,342.39"
1993,9,"1.24
%","628,046.46"
1993,10,"0.01
%","628,093.84"
1993,11,"0.89
%","633,666.17"
1993,12,"1.74
%","644,665.85"
1994,1,-0.0008,"644,177.83"
1994,2,-0.0142,"635,005.91"
1994,3,-0.0335,"613,756.22"
1994,4,"1.06
%","620,251.24"
1994,5,"1.11
%","627,124.20"
1994,6,-0.0052,"623,870.21"
1994,7,"3.08
%","643,098.38"
1994,8,"0.82
%","648,355.48"
1994,9,-0.0044,"645,476.74"
1994,10,-0.0037,"643,089.23"
1994,11,-0.0103,"636,493.02"
1994,12,"2.45
%","652,094.57"
1995,1,"3.82
%","676,998.68"
1995,2,"2.56
%","694,317.45"
1995,3,"3.22
%","716,643.60"
1995,4,"3.35
%","740,635.11"
1995,5,"3.18
%","764,175.62"
1995,6,"3.55
%","791,284.59"
1995,7,"0.51
%","795,344.87"
1995,8,"3.72
%","824,913.12"
1995,9,"0.91
%","832,441.01"
1995,10,"2.36
%","852,073.17"
1995,11,"3.39
%","880,951.11"
1995,12,"0.16
%","882,383.36"
1996,1,"5.90
%","934,482.74"
1996,2,-0.002,"932,607.26"
1996,3,"0.20
%","934,444.89"
1996,4,"2.35
%","956,449.44"
1996,5,"1.28
%","968,678.54"
1996,6,-0.0348,"935,001.80"
1996,7,"3.08
%","963,760.15"
1996,8,"2.02
%","983,264.02"
1996,9,"4.12
%","1,023,769.56"
1996,10,"5.05
%","1,075,491.24"
1996,11,"1.20
%","1,088,378.07"
1996,12,"3.26
%","1,123,832.42"
1997,1,"4.36
%","1,172,844.59"
1997,2,-0.0062,"1,165,529.73"
1997,3,-0.0341,"1,125,840.57"
1997,4,"9.22
%","1,229,618.65"
1997,5,"5.34
%","1,295,241.25"
1997,6,"5.74
%","1,369,535.31"
1997,7,"0.35
%","1,374,298.41"
1997,8,"1.19
%","1,390,680.15"
1997,9,"1.65
%","1,413,562.07"
1997,10,-0.0115,"1,397,277.22"
1997,11,"2.63
%","1,434,090.12"
1997,12,"0.24
%","1,437,490.18"
1998,1,"6.40
%","1,529,520.58"
1998,2,"5.31
%","1,610,782.05"
1998,3,"3.41
%","1,665,640.06"
1998,4,-0.0022,"1,661,944.71"
1998,5,"0.12
%","1,663,880.16"
1998,6,"4.47
%","1,738,216.78"
1998,7,-0.0697,"1,617,045.56"
1998,8,-0.049,"1,537,835.39"
1998,9,"1.29
%","1,557,686.64"
1998,10,"10.97
%","1,728,633.16"
1998,11,"4.10
%","1,799,578.08"
1998,12,"5.05
%","1,890,415.15"
1999,1,-0.0007,"1,889,154.05"
1999,2,"2.92
%","1,944,383.65"
1999,3,"4.25
%","2,027,020.39"
1999,4,-0.001,"2,025,017.05"
1999,5,-0.0061,"2,012,628.66"
1999,6,"4.52
%","2,103,647.52"
1999,7,-0.0377,"2,024,247.75"
1999,8,-0.006,"2,012,142.41"
1999,9,-0.0127,"1,986,538.48"
1999,10,"7.11
%","2,127,700.90"
1999,11,"2.81
%","2,187,462.29"
1999,12,-0.0012,"2,184,860.69"
2000,1,-0.0248,"2,130,718.15"
2000,2,"3.94
%","2,214,688.76"
2000,3,"1.42
%","2,246,240.67"
2000,4,-0.0284,"2,182,474.52"
2000,5,"3.16
%","2,251,516.67"
2000,6,"0.85
%","2,270,662.27"
2000,7,"0.94
%","2,291,999.94"
2000,8,-0.0108,"2,267,254.35"
2000,9,-0.0521,"2,149,034.50"
2000,10,-0.0077,"2,132,431.83"
2000,11,-0.0332,"2,061,633.52"
2000,12,"0.46
%","2,071,014.11"
2001,1,-0.0214,"2,026,771.91"
2001,2,-0.0908,"1,842,742.99"
2001,3,"0.45
%","1,851,011.26"
2001,4,"6.88
%","1,978,348.48"
2001,5,-0.0239,"1,931,092.62"
2001,6,-0.0266,"1,879,721.17"
2001,7,-0.0205,"1,841,265.09"
2001,8,-0.1125,"1,634,172.03"
2001,9,"3.18
%","1,686,204.58"
2001,10,"5.05
%","1,771,410.96"
2001,11,"1.47
%","1,797,380.72"
2001,12,-0.003,"1,792,030.11"
2002,1,-0.0335,"1,731,947.48"
2002,2,"4.95
%","1,817,596.97"
2002,3,-0.0351,"1,753,718.76"
2002,4,-0.0282,"1,704,257.37"
2002,5,-0.0592,"1,603,349.00"
2002,6,-0.1076,"1,430,852.71"
2002,7,"1.14
%","1,447,147.13"
2002,8,-0.0476,"1,378,295.78"
2002,9,-0.0137,"1,359,453.89"
2002,10,"6.63
%","1,449,525.55"
2002,11,-0.0104,"1,434,522.07"
2002,12,-0.0022,"1,431,330.00"
2003,1,-0.0641,"1,339,512.53"
2003,2,"1.31
%","1,357,031.99"
2003,3,"5.29
%","1,428,762.79"
2003,4,"5.31
%","1,504,661.69"
2003,5,"5.70
%","1,590,490.38"
2003,6,"0.60
%","1,599,968.12"
2003,7,-0.0017,"1,597,306.99"
2003,8,"3.16
%","1,647,800.75"
2003,9,"2.03
%","1,681,215.33"
2003,10,"1.21
%","1,701,567.89"
2003,11,"3.06
%","1,753,700.71"
2003,12,"4.93
%","1,840,245.16"
2004,1,"1.09
%","1,860,242.41"
2004,2,-0.0157,"1,831,125.96"
2004,3,"0.97
%","1,848,853.76"
2004,4,-0.0256,"1,801,444.47"
2004,5,"2.86
%","1,852,923.93"
2004,6,-0.0224,"1,811,441.05"
2004,7,-0.0139,"1,786,306.03"
2004,8,"2.78
%","1,836,012.22"
2004,9,"0.10
%","1,837,895.88"
2004,10,"4.77
%","1,925,635.12"
2004,11,"2.73
%","1,978,155.81"
2004,12,-0.0135,"1,951,466.10"
2005,1,"1.68
%","1,984,274.28"
2005,2,-0.0026,"1,979,202.71"
2005,3,-0.0241,"1,931,525.33"
2005,4,"1.34
%","1,957,328.01"
2005,5,"2.18
%","2,000,011.41"
2005,6,"1.81
%","2,036,167.44"
2005,7,"0.31
%","2,042,479.93"
2005,8,"0.28
%","2,048,192.55"
2005,9,-0.0262,"1,994,443.48"
2005,10,"3.96
%","2,073,454.20"
2005,11,"2.14
%","2,117,911.78"
2005,12,"1.47
%","2,148,976.67"
2006,1,-0.0002,"2,148,619.09"
2006,2,"1.49
%","2,180,550.53"
2006,3,"0.80
%","2,197,958.55"
2006,4,-0.0079,"2,180,668.63"
2006,5,-0.0271,"2,121,664.25"
2006,6,"0.72
%","2,136,941.09"
2006,7,"2.29
%","2,185,914.64"
2006,8,"2.53
%","2,241,243.93"
2006,9,"3.62
%","2,322,285.36"
2006,10,"2.00
%","2,368,769.22"
2006,11,"2.15
%","2,419,656.66"
2006,12,"0.69
%","2,436,420.69"
2007,1,"1.60
%","2,475,307.13"
2007,2,-0.0247,"2,414,070.73"
2007,3,"4.18
%","2,514,985.16"
2007,4,"3.39
%","2,600,287.25"
2007,5,"0.34
%","2,609,255.68"
2007,6,"0.57
%","2,624,248.97"
2007,7,-0.042,"2,514,001.44"
2007,8,"3.07
%","2,591,300.54"
2007,9,"2.99
%","2,668,822.74"
2007,10,-0.0481,"2,540,550.84"
2007,11,"1.24
%","2,572,008.47"
2007,12,-0.0664,"2,401,350.63"
2008,1,-0.0156,"2,363,794.33"
2008,2,-0.0263,"2,301,706.07"
2008,3,"4.24
%","2,399,385.93"
2008,4,"2.56
%","2,460,872.69"
2008,5,-0.0425,"2,356,369.71"
2008,6,-0.0608,"2,213,138.45"
2008,7,"2.11
%","2,259,847.51"
2008,8,-0.0485,"2,150,300.58"
2008,9,-0.2019,"1,716,077.81"
2008,10,-0.0861,"1,568,403.34"
2008,11,-0.0035,"1,562,894.84"
2008,12,-0.011,"1,545,772.44"
2009,1,-0.067,"1,442,166.94"
2009,2,-0.0569,"1,360,144.61"
2009,3,"12.32
%","1,527,738.23"
2009,4,"6.66
%","1,629,482.88"
2009,5,"2.87
%","1,676,230.48"
2009,6,"1.28
%","1,697,646.70"
2009,7,"8.12
%","1,835,508.26"
2009,8,"3.65
%","1,902,510.61"
2009,9,"2.40
%","1,948,230.00"
2009,10,"2.09
%","1,989,032.29"
2009,11,"2.23
%","2,033,305.31"
2009,12,"1.36
%","2,060,896.61"
2010,1,-0.029,"2,001,162.07"
2010,2,"5.94
%","2,120,091.85"
2010,3,"4.09
%","2,206,759.72"
2010,4,-0.0588,"2,076,949.36"
2010,5,-0.0354,"2,003,351.33"
2010,6,-0.0016,"2,000,164.54"
2010,7,"0.86
%","2,017,438.19"
2010,8,"3.37
%","2,085,449.15"
2010,9,"4.58
%","2,180,909.26"
2010,10,"2.49
%","2,235,233.85"
2010,11,"3.71
%","2,318,244.53"
2010,12,"3.46
%","2,398,506.64"
2011,1,"3.15
%","2,474,080.32"
2011,2,-0.0111,"2,446,557.14"
2011,3,"2.22
%","2,500,894.76"
2011,4,"0.66
%","2,517,381.53"
2011,5,-0.0366,"2,425,179.91"
2011,6,"3.10
%","2,500,402.58"
2011,7,-0.104,"2,240,344.53"
2011,8,-0.0079,"2,222,662.72"
2011,9,"3.02
%","2,289,762.82"
2011,10,"1.77
%","2,330,225.74"
2011,11,"1.55
%","2,366,454.94"
2011,12,"4.78
%","2,479,632.02"
2012,1,"4.16
%","2,582,849.40"
2012,2,"2.88
%","2,657,334.58"
2012,3,-0.0004,"2,656,319.20"
2012,4,-0.0309,"2,574,213.64"
2012,5,-0.0115,"2,544,548.12"
2012,6,"2.92
%","2,618,876.58"
2012,7,"3.39
%","2,707,596.28"
2012,8,"3.02
%","2,789,397.26"
2012,9,-0.0022,"2,783,340.51"
2012,10,-0.0284,"2,704,363.39"
2012,11,"2.18
%","2,763,197.77"
2012,12,"4.27
%","2,881,152.09"
2013,1,"2.33
%","2,948,370.00"
2013,2,"2.72
%","3,028,638.01"
2013,3,"1.45
%","3,072,668.09"
2013,4,"4.57
%","3,213,220.22"
2013,5,-0.0112,"3,177,303.65"
2013,6,"3.25
%","3,280,708.27"
2013,7,"0.25
%","3,288,992.99"
2013,8,"1.19
%","3,328,213.15"
2013,9,"2.12
%","3,398,689.73"
2013,10,"3.86
%","3,529,878.95"
2013,11,"1.52
%","3,583,591.76"
2013,12,"0.97
%","3,618,274.04"
2014,1,-0.0013,"3,613,568.98"
2014,2,"2.72
%","3,711,940.06"
2014,3,"0.20
%","3,719,427.94"
2014,4,"1.53
%","3,776,410.86"
2014,5,"3.20
%","3,897,116.96"
2014,6,"1.50
%","3,955,410.89"
2014,7,-0.0043,"3,938,523.23"
2014,8,"1.78
%","4,008,551.51"
2014,9,-0.0265,"3,902,461.84"
2014,10,"5.71
%","4,125,122.74"
2014,11,"0.63
%","4,151,271.38"
2014,12,-0.0111,"4,105,190.38"
2015,1,"2.83
%","4,221,260.45"
2015,2,"0.06
%","4,223,597.49"
2015,3,"0.88
%","4,260,697.97"
2015,4,"0.98
%","4,302,406.11"
2015,5,-0.0044,"4,283,669.13"
2015,6,-0.0008,"4,280,258.04"
2015,7,-0.0242,"4,176,487.57"
2015,8,-0.0451,"3,988,249.29"
2015,9,"4.32
%","4,160,426.77"
2015,10,"2.93
%","4,282,430.04"
2015,11,-0.011,"4,235,196.12"
2015,12,-0.0642,"3,963,312.55"
2016,1,-0.0055,"3,941,517.94"
2016,2,"6.36
%","4,192,305.98"
2016,3,"2.83
%","4,311,001.08"
2016,4,-0.003,"4,297,879.89"
2016,5,"1.07
%","4,343,716.36"
2016,6,"3.30
%","4,486,947.75"
2016,7,"1.20
%","4,540,757.79"
2016,8,-0.0044,"4,520,838.79"
2016,9,-0.0051,"4,497,964.20"
2016,10,"1.20
%","4,551,991.98"
2016,11,"3.95
%","4,731,611.93"
2016,12,"1.44
%","4,799,635.23"
2017,1,"2.58
%","4,923,295.21"
2017,2,"1.75
%","5,009,416.29"
2017,3,-0.0015,"5,001,701.58"
2017,4,"1.69
%","5,086,349.04"
2017,5,"1.78
%","5,176,704.37"
2017,6,"0.99
%","5,227,844.21"
2017,7,"0.25
%","5,240,799.08"
2017,8,"1.65
%","5,327,443.28"
2017,9,"2.73
%","5,473,138.15"
2017,10,"1.59
%","5,560,137.45"
2017,11,"2.88
%","5,720,463.25"
2017,12,"4.86
%","5,998,586.36"
2018,1,-0.0289,"5,825,425.98"
2018,2,"0.06
%","5,829,187.94"
2018,3,-0.0166,"5,732,191.89"
2018,4,"1.96
%","5,844,635.77"
2018,5,"2.11
%","5,968,131.16"
2018,6,"1.58
%","6,062,471.91"
2018,7,"2.45
%","6,211,051.27"
2018,8,"1.68
%","6,315,381.27"
2018,9,-0.0385,"6,072,303.12"
2018,10,-0.0208,"5,946,235.53"
2018,11,-0.0556,"5,615,475.45"
2018,12,"1.74
%","5,712,939.69"
2019,1,"5.83
%","6,045,941.38"
2019,2,"1.95
%","6,163,717.64"
2019,3,"3.72
%","6,393,206.39"
2019,4,-0.0153,"6,295,275.98"
2019,5,"1.40
%","6,383,708.82"
2019,6,"3.83
%","6,628,035.30"
2019,7,-0.0313,"6,420,285.24"
2019,8,"3.09
%","6,618,365.64"
2019,9,"0.01
%","6,619,014.42"
2019,10,"4.43
%","6,912,481.15"
2019,11,"2.47
%","7,083,172.42"
2019,12,"3.35
%","7,320,203.52"
2020,1,"0.12
%","7,329,139.80"
2020,2,-0.1892,"5,942,634.46"
2020,3,"4.32
%","6,199,273.93"
2020,4,"5.89
%","6,564,247.83"
2020,5,"6.51
%","6,991,466.93"
2020,6,"3.48
%","7,234,520.72"
2020,7,"5.89
%","7,660,887.55"
2020,8,-0.0063,"7,612,853.58"
2020,9,"1.73
%","7,744,251.54"
2020,10,"3.95
%","8,050,468.28"
2020,11,"4.26
%","8,393,424.70"
2020,12,"2.80
%","8,628,046.08"
2021,1,"2.49
%","8,843,016.31"
2021,2,"0.82
%","8,915,649.11"
2021,3,"6.02
%","9,452,503.68"
2021,4,"0.76
%","9,524,364.59"
2021,5,"1.81
%","9,696,795.86"
2021,6,"3.07
%","9,994,313.09"
2021,7,"2.19
%","10,212,705.01"
2021,8,-0.0008,"10,204,075.39"
2021,9,"0.45
%","10,250,215.78"
2021,10,"4.74
%","10,736,562.29"
2021,11,"0.27
%","10,765,057.51"
2021,12,-0.0205,"10,544,163.60"
2022,1,-0.029,"10,238,111.89"
2022,2,-0.0089,"10,146,728.18"
2022,3,"0.12
%","10,158,731.95"
2022,4,-0.0491,"9,659,467.74"
