Year,Month,Return percentage ,Amount ,Return,Constant,Returns
1900,1,"2.10
%",102.1,0.021,100,2.1
1900,2,"1.11
%",103.23,0.0111,,1.11
1900,3,"1.59
%",104.87,0.0159,,1.59
1900,4,"-4.42
%",100.24,-0.0442,,-4.42
1900,5,"-2.64
%",97.59,-0.0264,,-2.64
1900,6,"0.36
%",97.95,0.0036,,0.36
1900,7,"1.74
%",99.65,0.0174,,1.74
1900,8,"-1.98
%",97.68,-0.0198,,-1.98
1900,9,"4.02
%",101.6,0.0402,,4.02
1900,10,"8.22
%",109.95,0.0822,,8.22
1900,11,"6.39
%",116.98,0.0639,,6.39
1900,12,"3.28
%",120.81,0.0328,,3.28
1901,1,"2.90
%",124.32,0.029,,2.9
1901,2,"3.93
%",129.21,0.0393,,3.93
1901,3,"8.73
%",140.49,0.0873,,8.73
1901,4,"-4.72
%",133.85,-0.0472,,-4.72
1901,5,"10.29
%",147.63,0.1029,,10.29
1901,6,"-6.40
%",138.18,-0.064,,-6.4
1901,7,"1.71
%",140.55,0.0171,,1.71
1901,8,"-0.17
%",140.31,-0.0017,,-0.17
1901,9,"-0.80
%",139.19,-0.008,,-0.8
1901,10,"2.48
%",142.64,0.0248,,2.48
1901,11,"-1.28
%",140.82,-0.0128,,-1.28
1901,12,"2.47
%",144.3,0.0247,,2.47
1902,1,"1.19
%",146.02,0.0119,,1.19
1902,2,"0.45
%",146.68,0.0045,,0.45
1902,3,"3.74
%",152.17,0.0374,,3.74
1902,4,"0.08
%",152.29,0.0008,,0.08
1902,5,"-0.27
%",151.88,-0.0027,,-0.27
1902,6,"2.58
%",155.8,0.0258,,2.58
1902,7,"2.99
%",160.46,0.0299,,2.99
1902,8,"0.53
%",161.31,0.0053,,0.53
1902,9,"-2.86
%",156.71,-0.0286,,-2.86
1902,10,"-3.53
%",151.17,-0.0353,,-3.53
1902,11,"-1.97
%",148.19,-0.0197,,-1.97
1902,12,"5.43
%",156.24,0.0543,,5.43
1903,1,"-0.26
%",155.83,-0.0026,,-0.26
1903,2,"-3.59
%",150.23,-0.0359,,-3.59
1903,3,"-3.74
%",144.62,-0.0374,,-3.74
1903,4,"-1.57
%",142.34,-0.0157,,-1.57
1903,5,"-5.16
%",135,-0.0516,,-5.16
1903,6,"-4.20
%",129.33,-0.042,,-4.2
1903,7,"-2.80
%",125.71,-0.028,,-2.8
1903,8,"-1.98
%",123.22,-0.0198,,-1.98
1903,9,"-2.80
%",119.77,-0.028,,-2.8
1903,10,"0.78
%",120.71,0.0078,,0.78
1903,11,"5.08
%",126.84,0.0508,,5.08
1903,12,"2.12
%",129.52,0.0212,,2.12
1904,1,"-2.26
%",126.59,-0.0226,,-2.26
1904,2,"0.13
%",126.76,0.0013,,0.13
1904,3,"2.91
%",130.45,0.0291,,2.91
1904,4,"-1.69
%",128.25,-0.0169,,-1.69
1904,5,"0.58
%",128.99,0.0058,,0.58
1904,6,"4.57
%",134.89,0.0457,,4.57
1904,7,"3.79
%",140,0.0379,,3.79
1904,8,"4.81
%",146.73,0.0481,,4.81
1904,9,"6.24
%",155.89,0.0624,,6.24
1904,10,"5.76
%",164.87,0.0576,,5.76
1904,11,"1.30
%",167.01,0.013,,1.3
1904,12,"2.49
%",171.17,0.0249,,2.49
1905,1,"4.70
%",179.22,0.047,,4.7
1905,2,"3.14
%",184.84,0.0314,,3.14
1905,3,"-0.93
%",183.13,-0.0093,,-0.93
1905,4,"-4.63
%",174.66,-0.0463,,-4.63
1905,5,"1.49
%",177.26,0.0149,,1.49
1905,6,"3.45
%",183.37,0.0345,,3.45
1905,7,"4.02
%",190.75,0.0402,,4.02
1905,8,"0.62
%",191.93,0.0062,,0.62
1905,9,"1.70
%",195.19,0.017,,1.7
1905,10,"-0.24
%",194.72,-0.0024,,-0.24
1905,11,"2.76
%",200.1,0.0276,,2.76
1905,12,"3.75
%",207.6,0.0375,,3.75
1906,1,"-0.43
%",206.72,-0.0043,,-0.43
1906,2,"-2.16
%",202.25,-0.0216,,-2.16
1906,3,"-1.06
%",200.12,-0.0106,,-1.06
1906,4,"-2.34
%",195.44,-0.0234,,-2.34
1906,5,"1.63
%",198.63,0.0163,,1.63
1906,6,"-2.25
%",194.15,-0.0225,,-2.25
1906,7,"7.74
%",209.17,0.0774,,7.74
1906,8,"3.41
%",216.3,0.0341,,3.41
1906,9,"-2.67
%",210.51,-0.0267,,-2.67
1906,10,"2.39
%",215.54,0.0239,,2.39
1906,11,"-0.58
%",214.3,-0.0058,,-0.58
1906,12,"-2.51
%",208.93,-0.0251,,-2.51
1907,1,"-2.79
%",203.11,-0.0279,,-2.79
1907,2,"-9.46
%",183.89,-0.0946,,-9.46
1907,3,"0.89
%",185.52,0.0089,,0.89
1907,4,"-3.05
%",179.87,-0.0305,,-3.05
1907,5,"-2.78
%",174.87,-0.0278,,-2.78
1907,6,"4.27
%",182.34,0.0427,,4.27
1907,7,"-7.06
%",169.47,-0.0706,,-7.06
1907,8,"-0.59
%",168.47,-0.0059,,-0.59
1907,9,"-10.39
%",150.96,-0.1039,,-10.39
1907,10,"-5.33
%",142.92,-0.0533,,-5.33
1907,11,"5.70
%",151.06,0.057,,5.7
1907,12,"4.82
%",158.35,0.0482,,4.82
1908,1,"-3.12
%",153.41,-0.0312,,-3.12
1908,2,"4.64
%",160.52,0.0464,,4.64
1908,3,"5.91
%",170.01,0.0591,,5.91
1908,4,"5.88
%",180,0.0588,,5.88
1908,5,"0.59
%",181.07,0.0059,,0.59
1908,6,"4.12
%",188.53,0.0412,,4.12
1908,7,"4.73
%",197.45,0.0473,,4.73
1908,8,"-0.67
%",196.12,-0.0067,,-0.67
1908,9,"1.64
%",199.34,0.0164,,1.64
1908,10,"7.18
%",213.66,0.0718,,7.18
1908,11,"2.65
%",219.31,0.0265,,2.65
1908,12,"0.70
%",220.85,0.007,,0.7
1909,1,"-2.50
%",215.33,-0.025,,-2.5
1909,2,"1.75
%",219.1,0.0175,,1.75
1909,3,"4.87
%",229.76,0.0487,,4.87
1909,4,"3.70
%",238.25,0.037,,3.7
1909,5,"2.13
%",243.32,0.0213,,2.13
1909,6,"1.79
%",247.66,0.0179,,1.79
1909,7,"2.77
%",254.52,0.0277,,2.77
1909,8,"0.45
%",255.66,0.0045,,0.45
1909,9,"0.74
%",257.56,0.0074,,0.74
1909,10,"-0.14
%",257.21,-0.0014,,-0.14
1909,11,"1.54
%",261.17,0.0154,,1.54
1909,12,"-1.78
%",256.52,-0.0178,,-1.78
1910,1,"-3.21
%",248.29,-0.0321,,-3.21
1910,2,"2.85
%",255.37,0.0285,,2.85
1910,3,"-2.04
%",250.18,-0.0204,,-2.04
1910,4,"-1.26
%",247.02,-0.0126,,-1.26
1910,5,"-4.42
%",236.11,-0.0442,,-4.42
1910,6,"-4.64
%",225.16,-0.0464,,-4.64
1910,7,"2.87
%",231.63,0.0287,,2.87
1910,8,"1.11
%",234.2,0.0111,,1.11
1910,9,"5.03
%",245.99,0.0503,,5.03
1910,10,"0.31
%",246.75,0.0031,,0.31
1910,11,"-2.37
%",240.89,-0.0237,,-2.37
1910,12,"2.86
%",247.79,0.0286,,2.86
1911,1,"2.15
%",253.11,0.0215,,2.15
1911,2,"-0.75
%",251.21,-0.0075,,-0.75
1911,3,"-0.01
%",251.19,-0.0001,,-0.01
1911,4,"2.58
%",257.66,0.0258,,2.58
1911,5,"2.42
%",263.89,0.0242,,2.42
1911,6,"-0.01
%",263.87,-0.0001,,-0.01
1911,7,"-4.37
%",252.34,-0.0437,,-4.37
1911,8,"-5.03
%",239.66,-0.0503,,-5.03
1911,9,"1.03
%",242.12,0.0103,,1.03
1911,10,"4.46
%",252.93,0.0446,,4.46
1911,11,"0.87
%",255.13,0.0087,,0.87
1911,12,"0.54
%",256.51,0.0054,,0.54
1912,1,"-0.45
%",255.36,-0.0045,,-0.45
1912,2,"3.31
%",263.82,0.0331,,3.31
1912,3,"3.54
%",273.16,0.0354,,3.54
1912,4,"0.31
%",274,0.0031,,0.31
1912,5,"0.41
%",275.13,0.0041,,0.41
1912,6,"0.52
%",276.55,0.0052,,0.52
1912,7,"2.71
%",284.04,0.0271,,2.71
1912,8,"0.91
%",286.64,0.0091,,0.91
1912,9,"0.20
%",287.22,0.002,,0.2
1912,10,"-0.71
%",285.17,-0.0071,,-0.71
1912,11,"-3.19
%",276.08,-0.0319,,-3.19
1912,12,"-0.43
%",274.9,-0.0043,,-0.43
1913,1,"-3.12
%",266.33,-0.0312,,-3.12
1913,2,"-1.45
%",262.47,-0.0145,,-1.45
1913,3,"0.34
%",263.37,0.0034,,0.34
1913,4,"-2.28
%",257.37,-0.0228,,-2.28
1913,5,"-4.56
%",245.63,-0.0456,,-4.56
1913,6,"1.85
%",250.17,0.0185,,1.85
1913,7,"3.16
%",258.07,0.0316,,3.16
1913,8,"1.42
%",261.74,0.0142,,1.42
1913,9,"-2.70
%",254.68,-0.027,,-2.7
1913,10,"-2.06
%",249.44,-0.0206,,-2.06
1913,11,"0.37
%",250.37,0.0037,,0.37
1913,12,"4.60
%",261.89,0.046,,4.6
1914,1,"1.79
%",266.57,0.0179,,1.79
1914,2,"-1.42
%",262.77,-0.0142,,-1.42
1914,3,"-1.94
%",257.68,-0.0194,,-1.94
1914,4,"1.09
%",260.48,0.0109,,1.09
1914,5,"-0.03
%",260.42,-0.0003,,-0.03
1914,6,"-5.07
%",247.21,-0.0507,,-5.07
1914,7,"0.48
%",248.4,0.0048,,0.48
1914,8,"0.48
%",249.58,0.0048,,0.48
1914,9,"0.47
%",250.76,0.0047,,0.47
1914,10,"0.47
%",251.93,0.0047,,0.47
1914,11,"-3.84
%",242.27,-0.0384,,-3.84
1914,12,"2.24
%",247.71,0.0224,,2.24
1915,1,"-0.87
%",245.56,-0.0087,,-0.87
1915,2,"3.05
%",253.05,0.0305,,3.05
1915,3,"7.99
%",273.28,0.0799,,7.99
1915,4,"-1.90
%",268.09,-0.019,,-1.9
1915,5,"1.58
%",272.31,0.0158,,1.58
1915,6,"0.07
%",272.5,0.0007,,0.07
1915,7,"4.69
%",285.27,0.0469,,4.69
1915,8,"4.14
%",297.08,0.0414,,4.14
1915,9,"5.95
%",314.76,0.0595,,5.95
1915,10,"3.89
%",327.01,0.0389,,3.89
1915,11,"0.59
%",328.94,0.0059,,0.59
1915,12,"-1.20
%",324.98,-0.012,,-1.2
1916,1,"-1.00
%",321.73,-0.01,,-1
1916,2,"0.08
%",322,0.0008,,0.08
1916,3,"-0.67
%",319.84,-0.0067,,-0.67
1916,4,"2.64
%",328.28,0.0264,,2.64
1916,5,"1.41
%",332.9,0.0141,,1.41
1916,6,"-0.95
%",329.74,-0.0095,,-0.95
1916,7,"1.22
%",333.75,0.0122,,1.22
1916,8,"4.55
%",348.93,0.0455,,4.55
1916,9,"3.55
%",361.33,0.0355,,3.55
1916,10,"2.75
%",371.28,0.0275,,2.75
1916,11,"-3.57
%",358.04,-0.0357,,-3.57
1916,12,"-1.87
%",351.34,-0.0187,,-1.87
1917,1,"-5.15
%",333.26,-0.0515,,-5.15
1917,2,"3.64
%",345.38,0.0364,,3.64
1917,3,"-0.97
%",342.02,-0.0097,,-0.97
1917,4,"-2.83
%",332.33,-0.0283,,-2.83
1917,5,"2.61
%",341,0.0261,,2.61
1917,6,"-2.19
%",333.54,-0.0219,,-2.19
1917,7,"-2.36
%",325.68,-0.0236,,-2.36
1917,8,"-4.17
%",312.09,-0.0417,,-4.17
1917,9,"-4.74
%",297.28,-0.0474,,-4.74
1917,10,"-7.61
%",274.66,-0.0761,,-7.61
1917,11,"-2.61
%",267.51,-0.0261,,-2.61
1917,12,"6.87
%",285.9,0.0687,,6.87
1918,1,"3.84
%",296.87,0.0384,,3.84
1918,2,"-1.27
%",293.11,-0.0127,,-1.27
1918,3,"-0.21
%",292.5,-0.0021,,-0.21
1918,4,"3.94
%",304.03,0.0394,,3.94
1918,5,"0.85
%",306.62,0.0085,,0.85
1918,6,"1.51
%",311.25,0.0151,,1.51
1918,7,"1.62
%",316.29,0.0162,,1.62
1918,8,"0.14
%",316.75,0.0014,,0.14
1918,9,"4.91
%",332.29,0.0491,,4.91
1918,10,"3.17
%",342.82,0.0317,,3.17
1918,11,"-1.39
%",338.07,-0.0139,,-1.39
1918,12,"-0.03
%",337.97,-0.0003,,-0.03
1919,1,"0.98
%",341.29,0.0098,,0.98
1919,2,"3.64
%",353.72,0.0364,,3.64
1919,3,"3.90
%",367.51,0.039,,3.9
1919,4,"7.47
%",394.95,0.0747,,7.47
1919,5,"3.19
%",407.55,0.0319,,3.19
1919,6,"3.75
%",422.85,0.0375,,3.75
1919,7,"-6.25
%",396.42,-0.0625,,-6.25
1919,8,"2.09
%",404.7,0.0209,,2.09
1919,9,"5.60
%",427.38,0.056,,5.6
1919,10,"-2.48
%",416.77,-0.0248,,-2.48
1919,11,"-2.45
%",406.54,-0.0245,,-2.45
1919,12,"-0.51
%",404.45,-0.0051,,-0.51
1920,1,"-7.77
%",373.03,-0.0777,,-7.77
1920,2,"7.58
%",401.3,0.0758,,7.58
1920,3,"-0.30
%",400.08,-0.003,,-0.3
1920,4,"-5.77
%",376.99,-0.0577,,-5.77
1920,5,"-1.20
%",372.48,-0.012,,-1.2
1920,6,"0.42
%",374.04,0.0042,,0.42
1920,7,"-3.37
%",361.43,-0.0337,,-3.37
1920,8,"4.12
%",376.32,0.0412,,4.12
1920,9,"0.67
%",378.85,0.0067,,0.67
1920,10,"-4.53
%",361.67,-0.0453,,-4.53
1920,11,"-8.39
%",331.34,-0.0839,,-8.39
1920,12,"5.03
%",348,0.0503,,5.03
1921,1,"-0.11
%",347.62,-0.0011,,-0.11
1921,2,"-1.96
%",340.81,-0.0196,,-1.96
1921,3,"1.04
%",344.35,0.0104,,1.04
1921,4,"3.63
%",356.87,0.0363,,3.63
1921,5,"-7.43
%",330.34,-0.0743,,-7.43
1921,6,"0.31
%",331.37,0.0031,,0.31
1921,7,"-0.61
%",329.34,-0.0061,,-0.61
1921,8,"3.10
%",339.54,0.031,,3.1
1921,9,"1.96
%",346.19,0.0196,,1.96
1921,10,"5.96
%",366.81,0.0596,,5.96
1921,11,"4.09
%",381.8,0.0409,,4.09
1921,12,"0.39
%",383.28,0.0039,,0.39
1922,1,"2.72
%",393.72,0.0272,,2.72
1922,2,"4.28
%",410.55,0.0428,,4.28
1922,3,"6.58
%",437.57,0.0658,,6.58
1922,4,"4.38
%",456.74,0.0438,,4.38
1922,5,"-0.47
%",454.61,-0.0047,,-0.47
1922,6,"1.19
%",460.01,0.0119,,1.19
1922,7,"4.24
%",479.51,0.0424,,4.24
1922,8,"3.07
%",494.23,0.0307,,3.07
1922,9,"2.67
%",507.4,0.0267,,2.67
1922,10,"-4.52
%",484.49,-0.0452,,-4.52
1922,11,"0.25
%",485.71,0.0025,,0.25
1922,12,"1.85
%",494.7,0.0185,,1.85
1923,1,"4.75
%",518.19,0.0475,,4.75
1923,2,"2.08
%",528.95,0.0208,,2.08
1923,3,"-3.04
%",512.85,-0.0304,,-3.04
1923,4,"-4.25
%",491.04,-0.0425,,-4.25
1923,5,"-3.31
%",474.8,-0.0331,,-3.31
1923,6,"-2.84
%",461.33,-0.0284,,-2.84
1923,7,"1.04
%",466.1,0.0104,,1.04
1923,8,"1.16
%",471.49,0.0116,,1.16
1923,9,"-0.94
%",467.08,-0.0094,,-0.94
1923,10,"3.54
%",483.59,0.0354,,3.54
1923,11,"3.92
%",502.54,0.0392,,3.92
1923,12,"3.79
%",521.59,0.0379,,3.79
1924,1,"0.95
%",526.57,0.0095,,0.95
1924,2,"-1.42
%",519.12,-0.0142,,-1.42
1924,3,"-1.79
%",509.85,-0.0179,,-1.79
1924,4,"0.17
%",510.73,0.0017,,0.17
1924,5,"2.42
%",523.08,0.0242,,2.42
1924,6,"5.16
%",550.06,0.0516,,5.16
1924,7,"3.93
%",571.69,0.0393,,3.93
1924,8,"-0.48
%",568.95,-0.0048,,-0.48
1924,9,"-0.81
%",564.36,-0.0081,,-0.81
1924,10,"6.08
%",598.7,0.0608,,6.08
1924,11,"5.87
%",633.84,0.0587,,5.87
1924,12,"4.58
%",662.9,0.0458,,4.58
1925,1,"1.29
%",671.43,0.0129,,1.29
1925,2,"-2.19
%",656.74,-0.0219,,-2.19
1925,3,"-0.61
%",652.75,-0.0061,,-0.61
1925,4,"3.67
%",676.7,0.0367,,3.67
1925,5,"2.24
%",691.85,0.0224,,2.24
1925,6,"3.22
%",714.14,0.0322,,3.22
1925,7,"1.79
%",726.9,0.0179,,1.79
1925,8,"2.74
%",746.84,0.0274,,2.74
1925,9,"3.73
%",774.67,0.0373,,3.73
1925,10,"3.53
%",801.99,0.0353,,3.53
1925,11,"2.04
%",818.32,0.0204,,2.04
1925,12,"1.93
%",834.08,0.0193,,1.93
1926,1,"0.56
%",838.74,0.0056,,0.56
1926,2,"-6.38
%",785.2,-0.0638,,-6.38
1926,3,"-2.35
%",766.71,-0.0235,,-2.35
1926,4,"1.15
%",775.56,0.0115,,1.15
1926,5,"5.22
%",816.02,0.0522,,5.22
1926,6,"4.66
%",854.01,0.0466,,4.66
1926,7,"4.39
%",891.53,0.0439,,4.39
1926,8,"1.94
%",908.85,0.0194,,1.94
1926,9,"-1.83
%",892.18,-0.0183,,-1.83
1926,10,"1.74
%",907.68,0.0174,,1.74
1926,11,"2.71
%",932.24,0.0271,,2.71
1926,12,"-0.24
%",930,-0.0024,,-0.24
1927,1,"2.37
%",952.07,0.0237,,2.37
1927,2,"1.97
%",970.79,0.0197,,1.97
1927,3,"2.88
%",998.73,0.0288,,2.88
1927,4,"3.87
%","1,037.37",0.0387,,3.87
1927,5,"1.70
%","1,055.03",0.017,,1.7
1927,6,"2.62
%","1,082.72",0.0262,,2.62
1927,7,"5.73
%","1,144.71",0.0573,,5.73
1927,8,"6.06
%","1,214.12",0.0606,,6.06
1927,9,"-1.17
%","1,199.96",-0.0117,,-1.17
1927,10,"2.66
%","1,231.84",0.0266,,2.66
1927,11,"2.72
%","1,265.31",0.0272,,2.72
1927,12,"0.77
%","1,275.03",0.0077,,0.77
1928,1,"-0.83
%","1,264.47",-0.0083,,-0.83
1928,2,"5.75
%","1,337.13",0.0575,,5.75
1928,3,"6.66
%","1,426.21",0.0666,,6.66
1928,4,"3.44
%","1,475.20",0.0344,,3.44
1928,5,"-4.57
%","1,407.85",-0.0457,,-4.57
1928,6,"1.09
%","1,423.21",0.0109,,1.09
1928,7,"3.59
%","1,474.32",0.0359,,3.59
1928,8,"7.37
%","1,583.04",0.0737,,7.37
1928,9,"2.36
%","1,620.37",0.0236,,2.36
1928,10,"7.08
%","1,735.12",0.0708,,7.08
1928,11,"0.70
%","1,747.18",0.007,,0.7
1928,12,"7.69
%","1,881.58",0.0769,,7.69
1929,1,"0.81
%","1,896.85",0.0081,,0.81
1929,2,"2.05
%","1,935.75",0.0205,,2.05
1929,3,"-0.30
%","1,929.91",-0.003,,-0.3
1929,4,"1.80
%","1,964.59",0.018,,1.8
1929,5,"2.20
%","2,007.84",0.022,,2.2
1929,6,"9.20
%","2,192.57",0.092,,9.2
1929,7,"5.96
%","2,323.19",0.0596,,5.96
1929,8,"4.24
%","2,421.79",0.0424,,4.24
1929,9,"-10.32
%","2,171.74",-0.1032,,-10.32
1929,10,"-26.19
%","1,602.94",-0.2619,,-26.19
1929,11,"4.37
%","1,673.04",0.0437,,4.37
1929,12,"1.83
%","1,703.60",0.0183,,1.83
1930,1,"6.64
%","1,816.67",0.0664,,6.64
1930,2,"4.12
%","1,891.55",0.0412,,4.12
1930,3,"6.69
%","2,018.05",0.0669,,6.69
1930,4,"-5.65
%","1,904.00",-0.0565,,-5.65
1930,5,"-9.77
%","1,717.99",-0.0977,,-9.77
1930,6,"-1.76
%","1,687.75",-0.0176,,-1.76
1930,7,"-0.90
%","1,672.63",-0.009,,-0.9
1930,8,"0.34
%","1,678.38",0.0034,,0.34
1930,9,"-13.37
%","1,453.96",-0.1337,,-13.37
1930,10,"-6.80
%","1,355.09",-0.068,,-6.8
1930,11,"-6.19
%","1,271.25",-0.0619,,-6.19
1930,12,"3.56
%","1,316.46",0.0356,,3.56
1931,1,"8.14
%","1,423.60",0.0814,,8.14
1931,2,"2.38
%","1,457.49",0.0238,,2.38
1931,3,"-9.08
%","1,325.16",-0.0908,,-9.08
1931,4,"-9.16
%","1,203.77",-0.0916,,-9.16
1931,5,"-2.68
%","1,171.52",-0.0268,,-2.68
1931,6,"3.86
%","1,216.71",0.0386,,3.86
1931,7,"-2.49
%","1,186.48",-0.0249,,-2.49
1931,8,"-14.37
%","1,016.00",-0.1437,,-14.37
1931,9,"-12.75
%",886.46,-0.1275,,-12.75
1931,10,"2.05
%",904.67,0.0205,,2.05
1931,11,"-18.10
%",740.93,-0.181,,-18.1
1931,12,"-0.85
%",734.63,-0.0085,,-0.85
1932,1,"-0.05
%",734.29,-0.0005,,-0.05
1932,2,"1.14
%",742.67,0.0114,,1.14
1932,3,"-23.22
%",570.19,-0.2322,,-23.22
1932,4,"-11.31
%",505.67,-0.1131,,-11.31
1932,5,"-12.39
%",443.01,-0.1239,,-12.39
1932,6,"6.18
%",470.41,0.0618,,6.18
1932,7,"51.35
%",711.98,0.5135,,51.35
1932,8,"10.37
%",785.78,0.1037,,10.37
1932,9,"-13.22
%",681.93,-0.1322,,-13.22
1932,10,"-0.34
%",679.64,-0.0034,,-0.34
1932,11,"-2.64
%",661.7,-0.0264,,-2.64
1932,12,"4.57
%",691.94,0.0457,,4.57
1933,1,"-11.27
%",613.99,-0.1127,,-11.27
1933,2,"0.33
%",616.03,0.0033,,0.33
1933,3,"11.24
%",685.29,0.1124,,11.24
1933,4,"29.32
%",886.2,0.2932,,29.32
1933,5,"17.58
%","1,042.02",0.1758,,17.58
1933,6,"8.46
%","1,130.20",0.0846,,8.46
1933,7,"-4.64
%","1,077.74",-0.0464,,-4.64
1933,8,"-0.48
%","1,072.52",-0.0048,,-0.48
1933,9,"-9.38
%",971.95,-0.0938,,-9.38
1933,10,"2.80
%",999.17,0.028,,2.8
1933,11,"2.32
%","1,022.37",0.0232,,2.32
1933,12,"6.08
%","1,084.58",0.0608,,6.08
1934,1,"7.75
%","1,168.63",0.0775,,7.75
1934,2,"-4.80
%","1,112.55",-0.048,,-4.8
1934,3,"2.02
%","1,135.02",0.0202,,2.02
1934,4,"-9.83
%","1,023.48",-0.0983,,-9.83
1934,5,"1.70
%","1,040.91",0.017,,1.7
1934,6,"-4.36
%",995.57,-0.0436,,-4.36
1934,7,"-3.51
%",960.58,-0.0351,,-3.51
1934,8,"-2.01
%",941.29,-0.0201,,-2.01
1934,9,"1.21
%",952.66,0.0121,,1.21
1934,10,"3.21
%",983.25,0.0321,,3.21
1934,11,"1.06
%",993.66,0.0106,,1.06
1934,12,"0.40
%",997.68,0.004,,0.4
1935,1,"-2.62
%",971.56,-0.0262,,-2.62
1935,2,"-5.93
%",913.95,-0.0593,,-5.93
1935,3,"7.94
%",986.49,0.0794,,7.94
1935,4,"8.27
%","1,068.03",0.0827,,8.27
1935,5,"4.17
%","1,112.60",0.0417,,4.17
1935,6,"5.60
%","1,174.90",0.056,,5.6
1935,7,"7.10
%","1,258.38",0.071,,7.1
1935,8,"2.43
%","1,289.00",0.0243,,2.43
1935,9,"2.99
%","1,327.49",0.0299,,2.99
1935,10,"9.71
%","1,456.39",0.0971,,9.71
1935,11,"0.29
%","1,460.67",0.0029,,0.29
1935,12,"5.82
%","1,545.71",0.0582,,5.82
1936,1,"6.03
%","1,638.95",0.0603,,6.03
1936,2,"2.41
%","1,678.47",0.0241,,2.41
1936,3,"0.41
%","1,685.43",0.0041,,0.41
1936,4,"-5.02
%","1,600.83",-0.0502,,-5.02
1936,5,"4.57
%","1,674.05",0.0457,,4.57
1936,6,"6.23
%","1,778.41",0.0623,,6.23
1936,7,"2.30
%","1,819.27",0.023,,2.3
1936,8,"1.44
%","1,845.54",0.0144,,1.44
1936,9,"5.55
%","1,947.98",0.0555,,5.55
1936,10,"3.10
%","2,008.40",0.031,,3.1
1936,11,"-1.40
%","1,980.28",-0.014,,-1.4
1936,12,"3.46
%","2,048.77",0.0346,,3.46
1937,1,"3.30
%","2,116.42",0.033,,3.3
1937,2,"0.23
%","2,121.29",0.0023,,0.23
1937,3,"-5.62
%","2,001.97",-0.0562,,-5.62
1937,4,"-4.09
%","1,920.18",-0.0409,,-4.09
1937,5,"-3.34
%","1,856.07",-0.0334,,-3.34
1937,6,"6.39
%","1,974.75",0.0639,,6.39
1937,7,"1.44
%","2,003.12",0.0144,,1.44
1937,8,"-13.76
%","1,727.43",-0.1376,,-13.76
1937,9,"-14.10
%","1,483.90",-0.141,,-14.1
1937,10,"-8.27
%","1,361.25",-0.0827,,-8.27
1937,11,"-1.02
%","1,347.38",-0.0102,,-1.02
1937,12,"3.24
%","1,390.98",0.0324,,3.24
1938,1,"-1.80
%","1,365.91",-0.018,,-1.8
1938,2,"-6.02
%","1,283.70",-0.0602,,-6.02
1938,3,"-3.44
%","1,239.50",-0.0344,,-3.44
1938,4,"1.56
%","1,258.79",0.0156,,1.56
1938,5,"2.93
%","1,295.72",0.0293,,2.93
1938,6,"20.49
%","1,561.16",0.2049,,20.49
1938,7,"1.06
%","1,577.67",0.0106,,1.06
1938,8,"-4.08
%","1,513.23",-0.0408,,-4.08
1938,9,"11.62
%","1,689.03",0.1162,,11.62
1938,10,"0.47
%","1,696.90",0.0047,,0.47
1938,11,"-2.55
%","1,653.62",-0.0255,,-2.55
1938,12,"-1.16
%","1,634.40",-0.0116,,-1.16
1939,1,"-0.46
%","1,626.92",-0.0046,,-0.46
1939,2,"0.27
%","1,631.25",0.0027,,0.27
1939,3,"-12.24
%","1,431.57",-0.1224,,-12.24
1939,4,"4.10
%","1,490.21",0.041,,4.1
1939,5,"2.17
%","1,522.57",0.0217,,2.17
1939,6,"2.84
%","1,565.75",0.0284,,2.84
1939,7,"-1.07
%","1,549.04",-0.0107,,-1.07
1939,8,"11.06
%","1,720.30",0.1106,,11.06
1939,9,"1.38
%","1,744.10",0.0138,,1.38
1939,10,"-1.41
%","1,719.54",-0.0141,,-1.41
1939,11,"-1.97
%","1,685.61",-0.0197,,-1.97
1939,12,"-0.15
%","1,683.11",-0.0015,,-0.15
1940,1,"-0.23
%","1,679.27",-0.0023,,-0.23
1940,2,"-0.15
%","1,676.83",-0.0015,,-0.15
1940,3,"1.42
%","1,700.63",0.0142,,1.42
1940,4,"-13.34
%","1,473.75",-0.1334,,-13.34
1940,5,"-8.09
%","1,354.46",-0.0809,,-8.09
1940,6,"3.87
%","1,406.87",0.0387,,3.87
1940,7,"2.65
%","1,444.15",0.0265,,2.65
1940,8,"4.76
%","1,512.86",0.0476,,4.76
1940,9,"1.47
%","1,535.03",0.0147,,1.47
1940,10,"2.85
%","1,578.79",0.0285,,2.85
1940,11,"-3.59
%","1,522.11",-0.0359,,-3.59
1940,12,"0.72
%","1,533.07",0.0072,,0.72
1941,1,"-5.72
%","1,445.32",-0.0572,,-5.72
1941,2,"1.18
%","1,462.33",0.0118,,1.18
1941,3,"-2.55
%","1,425.10",-0.0255,,-2.55
1941,4,"-1.59
%","1,402.47",-0.0159,,-1.59
1941,5,"4.11
%","1,460.06",0.0411,,4.11
1941,6,"5.71
%","1,543.46",0.0571,,5.71
1941,7,"0.08
%","1,544.63",0.0008,,0.08
1941,8,"0.86
%","1,557.95",0.0086,,0.86
1941,9,"-3.43
%","1,504.45",-0.0343,,-3.43
1941,10,"-4.08
%","1,443.02",-0.0408,,-4.08
1941,11,"-5.88
%","1,358.14",-0.0588,,-5.88
1941,12,"2.62
%","1,393.67",0.0262,,2.62
1942,1,"-2.48
%","1,359.12",-0.0248,,-2.48
1942,2,"-4.76
%","1,294.39",-0.0476,,-4.76
1942,3,"-3.45
%","1,249.69",-0.0345,,-3.45
1942,4,"1.87
%","1,273.07",0.0187,,1.87
1942,5,"5.75
%","1,346.25",0.0575,,5.75
1942,6,"4.38
%","1,405.24",0.0438,,4.38
1942,7,"0.05
%","1,405.87",0.0005,,0.05
1942,8,"1.66
%","1,429.24",0.0166,,1.66
1942,9,"7.97
%","1,543.13",0.0797,,7.97
1942,10,"2.15
%","1,576.38",0.0215,,2.15
1942,11,"1.06
%","1,593.03",0.0106,,1.06
1942,12,"6.50
%","1,696.63",0.065,,6.5
1943,1,"6.43
%","1,805.79",0.0643,,6.43
1943,2,"4.01
%","1,878.29",0.0401,,4.01
1943,3,"3.79
%","1,949.41",0.0379,,3.79
1943,4,"4.36
%","2,034.47",0.0436,,4.36
1943,5,"2.18
%","2,078.81",0.0218,,2.18
1943,6,"2.47
%","2,130.21",0.0247,,2.47
1943,7,"-4.54
%","2,033.52",-0.0454,,-4.54
1943,8,"2.55
%","2,085.44",0.0255,,2.55
1943,9,"-0.50
%","2,075.00",-0.005,,-0.5
1943,10,"-4.21
%","1,987.72",-0.0421,,-4.21
1943,11,"1.77
%","2,022.91",0.0177,,1.77
1943,12,"3.67
%","2,097.06",0.0367,,3.67
1944,1,"-0.24
%","2,091.95",-0.0024,,-0.24
1944,2,"3.24
%","2,159.73",0.0324,,3.24
1944,3,"-1.31
%","2,131.47",-0.0131,,-1.31
1944,4,"2.20
%","2,178.43",0.022,,2.2
1944,5,"5.14
%","2,290.45",0.0514,,5.14
1944,6,"3.02
%","2,359.60",0.0302,,3.02
1944,7,"-1.06
%","2,334.69",-0.0106,,-1.06
1944,8,"-1.23
%","2,306.09",-0.0123,,-1.23
1944,9,"2.88
%","2,372.59",0.0288,,2.88
1944,10,"-0.28
%","2,365.85",-0.0028,,-0.28
1944,11,"2.60
%","2,427.36",0.026,,2.6
1944,12,"3.38
%","2,509.51",0.0338,,3.38
1945,1,"3.73
%","2,603.20",0.0373,,3.73
1945,2,"0.31
%","2,611.39",0.0031,,0.31
1945,3,"2.90
%","2,687.16",0.029,,2.9
1945,4,"4.16
%","2,798.97",0.0416,,4.16
1945,5,"2.19
%","2,860.19",0.0219,,2.19
1945,6,"-1.70
%","2,811.70",-0.017,,-1.7
1945,7,"0.71
%","2,831.57",0.0071,,0.71
1945,8,"7.18
%","3,034.86",0.0718,,7.18
1945,9,"4.51
%","3,171.85",0.0451,,4.51
1945,10,"3.61
%","3,286.23",0.0361,,3.61
1945,11,"2.02
%","3,352.77",0.0202,,2.02
1945,12,"4.30
%","3,496.90",0.043,,4.3
1946,1,"0.59
%","3,517.38",0.0059,,0.59
1946,2,"-2.68
%","3,423.19",-0.0268,,-2.68
1946,3,"6.77
%","3,654.92",0.0677,,6.77
1946,4,"0.52
%","3,673.86",0.0052,,0.52
1946,5,"-0.34
%","3,661.41",-0.0034,,-0.34
1946,6,"-2.55
%","3,568.14",-0.0255,,-2.55
1946,7,"-1.62
%","3,510.20",-0.0162,,-1.62
1946,8,"-14.42
%","3,003.95",-0.1442,,-14.42
1946,9,"-1.87
%","2,947.71",-0.0187,,-1.87
1946,10,"-0.01
%","2,947.32",-0.0001,,-0.01
1946,11,"3.39
%","3,047.36",0.0339,,3.39
1946,12,"0.92
%","3,075.39",0.0092,,0.92
1947,1,"4.27
%","3,206.70",0.0427,,4.27
1947,2,"-3.67
%","3,088.93",-0.0367,,-3.67
1947,3,"-3.30
%","2,987.06",-0.033,,-3.3
1947,4,"-1.36
%","2,946.36",-0.0136,,-1.36
1947,5,"3.92
%","3,061.88",0.0392,,3.92
1947,6,"6.69
%","3,266.83",0.0669,,6.69
1947,7,"-1.56
%","3,215.91",-0.0156,,-1.56
1947,8,"-2.17
%","3,146.22",-0.0217,,-2.17
1947,9,"3.03
%","3,241.45",0.0303,,3.03
1947,10,"-0.73
%","3,217.79",-0.0073,,-0.73
1947,11,"-1.12
%","3,181.67",-0.0112,,-1.12
1947,12,"-0.86
%","3,154.15",-0.0086,,-0.86
1948,1,"-4.45
%","3,013.84",-0.0445,,-4.45
1948,2,"1.92
%","3,071.67",0.0192,,1.92
1948,3,"8.19
%","3,323.17",0.0819,,8.19
1948,4,"5.33
%","3,500.30",0.0533,,5.33
1948,5,"4.59
%","3,660.86",0.0459,,4.59
1948,6,"-1.96
%","3,589.22",-0.0196,,-1.96
1948,7,"-2.49
%","3,499.90",-0.0249,,-2.49
1948,8,"-0.68
%","3,476.17",-0.0068,,-0.68
1948,9,"3.19
%","3,587.01",0.0319,,3.19
1948,10,"-5.10
%","3,404.04",-0.051,,-5.1
1948,11,"-0.16
%","3,398.66",-0.0016,,-0.16
1948,12,"1.63
%","3,454.04",0.0163,,1.63
1949,1,"-3.33
%","3,339.10",-0.0333,,-3.33
1949,2,"1.49
%","3,388.90",0.0149,,1.49
1949,3,"0.41
%","3,402.92",0.0041,,0.41
1949,4,"-0.18
%","3,396.70",-0.0018,,-0.18
1949,5,"-4.91
%","3,229.82",-0.0491,,-4.91
1949,6,"6.26
%","3,432.12",0.0626,,6.26
1949,7,"4.17
%","3,575.26",0.0417,,4.17
1949,8,"1.87
%","3,642.16",0.0187,,1.87
1949,9,"3.14
%","3,756.59",0.0314,,3.14
1949,10,"1.95
%","3,829.74",0.0195,,1.95
1949,11,"3.24
%","3,953.89",0.0324,,3.24
1949,12,"2.63
%","4,057.88",0.0263,,2.63
1950,1,"2.52
%","4,160.24",0.0252,,2.52
1950,2,"1.38
%","4,217.45",0.0138,,1.38
1950,3,"3.39
%","4,360.26",0.0339,,3.39
1950,4,"3.91
%","4,530.94",0.0391,,3.91
1950,5,"2.16
%","4,629.02",0.0216,,2.16
1950,6,"-6.72
%","4,317.79",-0.0672,,-6.72
1950,7,"6.64
%","4,604.38",0.0664,,6.64
1950,8,"4.11
%","4,793.56",0.0411,,4.11
1950,9,"4.72
%","5,019.88",0.0472,,4.72
1950,10,"0.38
%","5,038.76",0.0038,,0.38
1950,11,"0.19
%","5,048.57",0.0019,,0.19
1950,12,"8.01
%","5,453.10",0.0801,,8.01
1951,1,"4.31
%","5,688.06",0.0431,,4.31
1951,2,"-1.11
%","5,624.78",-0.0111,,-1.11
1951,3,"1.93
%","5,733.14",0.0193,,1.93
1951,4,"0.63
%","5,769.17",0.0063,,0.63
1951,5,"-1.15
%","5,703.11",-0.0115,,-1.15
1951,6,"2.37
%","5,838.08",0.0237,,2.37
1951,7,"4.97
%","6,127.96",0.0497,,4.97
1951,8,"3.14
%","6,320.12",0.0314,,3.14
1951,9,"0.03
%","6,321.91",0.0003,,0.03
1951,10,"-2.25
%","6,179.46",-0.0225,,-2.25
1951,11,"3.61
%","6,402.73",0.0361,,3.61
1951,12,"3.83
%","6,648.20",0.0383,,3.83
1952,1,"-1.33
%","6,559.64",-0.0133,,-1.33
1952,2,"0.75
%","6,608.82",0.0075,,0.75
1952,3,"0.20
%","6,622.24",0.002,,0.2
1952,4,"0.46
%","6,652.69",0.0046,,0.46
1952,5,"3.24
%","6,868.56",0.0324,,3.24
1952,6,"3.37
%","7,099.81",0.0337,,3.37
1952,7,"0.88
%","7,162.33",0.0088,,0.88
1952,8,"-1.11
%","7,082.92",-0.0111,,-1.11
1952,9,"-1.61
%","6,968.82",-0.0161,,-1.61
1952,10,"3.67
%","7,224.40",0.0367,,3.67
1952,11,"4.51
%","7,550.15",0.0451,,4.51
1952,12,"0.99
%","7,624.81",0.0099,,0.99
1953,1,"-0.77
%","7,565.84",-0.0077,,-0.77
1953,2,"0.96
%","7,638.25",0.0096,,0.96
1953,3,"-4.47
%","7,296.60",-0.0447,,-4.47
1953,4,"1.00
%","7,369.76",0.01,,1
1953,5,"-3.11
%","7,140.74",-0.0311,,-3.11
1953,6,"1.91
%","7,277.39",0.0191,,1.91
1953,7,"0.90
%","7,342.80",0.009,,0.9
1953,8,"-4.11
%","7,041.24",-0.0411,,-4.11
1953,9,"3.52
%","7,288.86",0.0352,,3.52
1953,10,"2.71
%","7,486.26",0.0271,,2.71
1953,11,"1.84
%","7,623.76",0.0184,,1.84
1953,12,"3.02
%","7,854.30",0.0302,,3.02
1954,1,"2.68
%","8,064.50",0.0268,,2.68
1954,2,"2.58
%","8,272.76",0.0258,,2.58
1954,3,"4.45
%","8,640.94",0.0445,,4.45
1954,4,"4.42
%","9,023.09",0.0442,,4.42
1954,5,"1.22
%","9,133.45",0.0122,,1.22
1954,6,"4.46
%","9,540.56",0.0446,,4.46
1954,7,"2.39
%","9,768.98",0.0239,,2.39
1954,8,"2.74
%","10,036.63",0.0274,,2.74
1954,9,"2.71
%","10,308.69",0.0271,,2.71
1954,10,"4.30
%","10,752.19",0.043,,4.3
1954,11,"4.95
%","11,284.78",0.0495,,4.95
1954,12,"2.17
%","11,529.49",0.0217,,2.17
1955,1,"3.70
%","11,956.63",0.037,,3.7
1955,2,"-0.44
%","11,904.45",-0.0044,,-0.44
1955,3,"3.81
%","12,357.80",0.0381,,3.81
1955,4,"-0.08
%","12,348.07",-0.0008,,-0.08
1955,5,"6.15
%","13,106.87",0.0615,,6.15
1955,6,"7.64
%","14,108.78",0.0764,,7.64
1955,7,"-0.30
%","14,066.55",-0.003,,-0.3
1955,8,"4.82
%","14,744.05",0.0482,,4.82
1955,9,"-4.72
%","14,047.42",-0.0472,,-4.72
1955,10,"7.07
%","15,040.03",0.0707,,7.07
1955,11,"1.24
%","15,226.10",0.0124,,1.24
1955,12,"-2.39
%","14,862.54",-0.0239,,-2.39
1956,1,"0.95
%","15,003.64",0.0095,,0.95
1956,2,"7.21
%","16,084.82",0.0721,,7.21
1956,3,"1.48
%","16,323.32",0.0148,,1.48
1956,4,"-2.84
%","15,859.99",-0.0284,,-2.84
1956,5,"-0.26
%","15,818.43",-0.0026,,-0.26
1956,6,"5.75
%","16,727.81",0.0575,,5.75
1956,7,"-0.28
%","16,680.18",-0.0028,,-0.28
1956,8,"-3.09
%","16,164.96",-0.0309,,-3.09
1956,9,"-0.95
%","16,010.81",-0.0095,,-0.95
1956,10,"-0.71
%","15,896.74",-0.0071,,-0.71
1956,11,"1.81
%","16,184.30",0.0181,,1.81
1956,12,"-1.86
%","15,882.85",-0.0186,,-1.86
1957,1,"-4.00
%","15,248.21",-0.04,,-4
1957,2,"1.62
%","15,495.31",0.0162,,1.62
1957,3,"2.64
%","15,905.01",0.0264,,2.64
1957,4,"4.16
%","16,566.69",0.0416,,4.16
1957,5,"1.95
%","16,890.43",0.0195,,1.95
1957,6,"2.32
%","17,282.65",0.0232,,2.32
1957,7,"-5.21
%","16,383.07",-0.0521,,-5.21
1957,8,"-3.74
%","15,770.43",-0.0374,,-3.74
1957,9,"-5.90
%","14,840.51",-0.059,,-5.9
1957,10,"-1.80
%","14,573.31",-0.018,,-1.8
1957,11,"0.32
%","14,619.67",0.0032,,0.32
1957,12,"2.33
%","14,960.11",0.0233,,2.33
1958,1,"0.70
%","15,065.12",0.007,,0.7
1958,2,"2.42
%","15,429.53",0.0242,,2.42
1958,3,"0.90
%","15,567.85",0.009,,0.9
1958,4,"3.56
%","16,121.73",0.0356,,3.56
1958,5,"2.74
%","16,562.69",0.0274,,2.74
1958,6,"3.07
%","17,071.29",0.0307,,3.07
1958,7,"4.05
%","17,763.41",0.0405,,4.05
1958,8,"2.94
%","18,286.32",0.0294,,2.94
1958,9,"4.36
%","19,083.42",0.0436,,4.36
1958,10,"3.33
%","19,718.19",0.0333,,3.33
1958,11,"2.16
%","20,144.58",0.0216,,2.16
1958,12,"4.25
%","21,001.67",0.0425,,4.25
1959,1,"-1.27
%","20,735.99",-0.0127,,-1.27
1959,2,"2.81
%","21,317.88",0.0281,,2.81
1959,3,"1.94
%","21,730.68",0.0194,,1.94
1959,4,"1.77
%","22,114.32",0.0177,,1.77
1959,5,"-0.61
%","21,980.25",-0.0061,,-0.61
1959,6,"4.23
%","22,909.48",0.0423,,4.23
1959,7,"-0.32
%","22,836.52",-0.0032,,-0.32
1959,8,"-3.70
%","21,990.83",-0.037,,-3.7
1959,9,"0.18
%","22,029.69",0.0018,,0.18
1959,10,"0.67
%","22,177.09",0.0067,,0.67
1959,11,"3.46
%","22,945.11",0.0346,,3.46
1959,12,"-1.49
%","22,604.20",-0.0149,,-1.49
1960,1,"-3.61
%","21,788.36",-0.0361,,-3.61
1960,2,"-1.08
%","21,553.45",-0.0108,,-1.08
1960,3,"1.58
%","21,894.92",0.0158,,1.58
1960,4,"-0.62
%","21,758.17",-0.0062,,-0.62
1960,5,"3.99
%","22,625.91",0.0399,,3.99
1960,6,"-2.20
%","22,129.02",-0.022,,-2.2
1960,7,"1.49
%","22,458.93",0.0149,,1.49
1960,8,"-2.72
%","21,847.88",-0.0272,,-2.72
1960,9,"-1.67
%","21,482.15",-0.0167,,-1.67
1960,10,"3.54
%","22,242.80",0.0354,,3.54
1960,11,"2.69
%","22,841.28",0.0269,,2.69
1960,12,"5.43
%","24,080.86",0.0543,,5.43
1961,1,"4.37
%","25,134.18",0.0437,,4.37
1961,2,"3.40
%","25,988.00",0.034,,3.4
1961,3,"2.92
%","26,746.59",0.0292,,2.92
1961,4,"1.26
%","27,084.50",0.0126,,1.26
1961,5,"-1.08
%","26,791.93",-0.0108,,-1.08
1961,6,"-0.03
%","26,784.45",-0.0003,,-0.03
1961,7,"3.84
%","27,812.69",0.0384,,3.84
1961,8,"-0.54
%","27,662.03",-0.0054,,-0.54
1961,9,"1.34
%","28,033.55",0.0134,,1.34
1961,10,"4.77
%","29,371.32",0.0477,,4.77
1961,11,"1.16
%","29,712.91",0.0116,,1.16
1961,12,"-3.49
%","28,676.79",-0.0349,,-3.49
1962,1,"1.91
%","29,224.37",0.0191,,1.91
1962,2,"0.34
%","29,324.02",0.0034,,0.34
1962,3,"-2.94
%","28,460.45",-0.0294,,-2.94
1962,4,"-7.19
%","26,415.54",-0.0719,,-7.19
1962,5,"-11.41
%","23,400.80",-0.1141,,-11.41
1962,6,"2.72
%","24,036.69",0.0272,,2.72
1962,7,"3.02
%","24,763.32",0.0302,,3.02
1962,8,"-0.59
%","24,616.39",-0.0059,,-0.59
1962,9,"-2.86
%","23,913.27",-0.0286,,-2.86
1962,10,"7.20
%","25,635.23",0.072,,7.2
1962,11,"4.62
%","26,820.54",0.0462,,4.62
1962,12,"4.15
%","27,932.71",0.0415,,4.15
1963,1,"1.60
%","28,378.39",0.016,,1.6
1963,2,"-0.11
%","28,347.66",-0.0011,,-0.11
1963,3,"4.98
%","29,758.85",0.0498,,4.98
1963,4,"2.27
%","30,434.25",0.0227,,2.27
1963,5,"0.22
%","30,500.18",0.0022,,0.22
1963,6,"-1.22
%","30,127.50",-0.0122,,-1.22
1963,7,"3.03
%","31,040.71",0.0303,,3.03
1963,8,"2.89
%","31,938.91",0.0289,,2.89
1963,9,"0.50
%","32,098.57",0.005,,0.5
1963,10,"-0.31
%","32,000.16",-0.0031,,-0.31
1963,11,"2.39
%","32,766.04",0.0239,,2.39
1963,12,"3.33
%","33,857.21",0.0333,,3.33
1964,1,"1.48
%","34,358.27",0.0148,,1.48
1964,2,"2.07
%","35,069.84",0.0207,,2.07
1964,3,"1.69
%","35,663.61",0.0169,,1.69
1964,4,"1.22
%","36,098.83",0.0122,,1.22
1964,5,"-0.35
%","35,972.25",-0.0035,,-0.35
1964,6,"3.96
%","37,397.12",0.0396,,3.96
1964,7,"-1.23
%","36,938.76",-0.0123,,-1.23
1964,8,"1.97
%","37,664.77",0.0197,,1.97
1964,9,"1.97
%","38,406.83",0.0197,,1.97
1964,10,"0.94
%","38,766.69",0.0094,,0.94
1964,11,"-1.49
%","38,188.94",-0.0149,,-1.49
1964,12,"2.82
%","39,266.17",0.0282,,2.82
1965,1,"0.98
%","39,649.03",0.0098,,0.98
1965,2,"0.34
%","39,782.09",0.0034,,0.34
1965,3,"1.56
%","40,401.75",0.0156,,1.56
1965,4,"1.73
%","41,101.75",0.0173,,1.73
1965,5,"-4.51
%","39,249.15",-0.0451,,-4.51
1965,6,"0.10
%","39,289.53",0.001,,0.1
1965,7,"2.12
%","40,121.91",0.0212,,2.12
1965,8,"3.60
%","41,564.74",0.036,,3.6
1965,9,"2.50
%","42,602.54",0.025,,2.5
1965,10,"1.08
%","43,060.94",0.0108,,1.08
1965,11,"-0.21
%","42,969.81",-0.0021,,-0.21
1965,12,"1.98
%","43,820.81",0.0198,,1.98
1966,1,"-0.43
%","43,632.20",-0.0043,,-0.43
1966,2,"-3.86
%","41,946.97",-0.0386,,-3.86
1966,3,"3.32
%","43,340.02",0.0332,,3.32
1966,4,"-5.01
%","41,169.73",-0.0501,,-5.01
1966,5,"-0.56
%","40,939.37",-0.0056,,-0.56
1966,6,"0.02
%","40,946.91",0.0002,,0.02
1966,7,"-5.77
%","38,584.49",-0.0577,,-5.77
1966,8,"-3.22
%","37,340.20",-0.0322,,-3.22
1966,9,"-0.56
%","37,129.45",-0.0056,,-0.56
1966,10,"5.32
%","39,103.28",0.0532,,5.32
1966,11,"0.72
%","39,383.18",0.0072,,0.72
1966,12,"4.13
%","41,009.82",0.0413,,4.13
1967,1,"3.73
%","42,539.49",0.0373,,3.73
1967,2,"2.63
%","43,659.87",0.0263,,2.63
1967,3,"1.99
%","44,529.78",0.0199,,1.99
1967,4,"2.06
%","45,446.06",0.0206,,2.06
1967,5,"-0.99
%","44,995.31",-0.0099,,-0.99
1967,6,"1.99
%","45,891.81",0.0199,,1.99
1967,7,"1.85
%","46,741.56",0.0185,,1.85
1967,8,"1.65
%","47,514.63",0.0165,,1.65
1967,9,"0.10
%","47,560.91",0.001,,0.1
1967,10,"-2.88
%","46,190.33",-0.0288,,-2.88
1967,11,"3.11
%","47,627.65",0.0311,,3.11
1967,12,"-0.02
%","47,619.33",-0.0002,,-0.02
1968,1,"-4.26
%","45,592.18",-0.0426,,-4.26
1968,2,"-1.56
%","44,881.29",-0.0156,,-1.56
1968,3,"7.66
%","48,319.98",0.0766,,7.66
1968,4,"2.56
%","49,555.85",0.0256,,2.56
1968,5,"2.94
%","51,013.14",0.0294,,2.94
1968,6,"0.05
%","51,038.09",0.0005,,0.05
1968,7,"-1.93
%","50,051.06",-0.0193,,-1.93
1968,8,"3.51
%","51,806.69",0.0351,,3.51
1968,9,"2.72
%","53,214.37",0.0272,,2.72
1968,10,"1.79
%","54,164.65",0.0179,,1.79
1968,11,"1.29
%","54,860.83",0.0129,,1.29
1968,12,"-3.99
%","52,674.56",-0.0399,,-3.99
1969,1,"-0.24
%","52,548.90",-0.0024,,-0.24
1969,2,"-1.91
%","51,543.22",-0.0191,,-1.91
1969,3,"2.27
%","52,715.44",0.0227,,2.27
1969,4,"3.51
%","54,567.59",0.0351,,3.51
1969,5,"-4.97
%","51,854.86",-0.0497,,-4.97
1969,6,"-4.21
%","49,674.20",-0.0421,,-4.21
1969,7,"-0.28
%","49,533.31",-0.0028,,-0.28
1969,8,"0.63
%","49,844.64",0.0063,,0.63
1969,9,"1.35
%","50,515.76",0.0135,,1.35
1969,10,"1.00
%","51,019.64",0.01,,1
1969,11,"-5.03
%","48,454.63",-0.0503,,-5.03
1969,12,"-0.59
%","48,169.22",-0.0059,,-0.59
1970,1,"-3.20
%","46,629.69",-0.032,,-3.2
1970,2,"2.01
%","47,568.00",0.0201,,2.01
1970,3,"-2.75
%","46,260.97",-0.0275,,-2.75
1970,4,"-11.20
%","41,080.20",-0.112,,-11.2
1970,5,"-0.27
%","40,969.33",-0.0027,,-0.27
1970,6,"0.52
%","41,183.42",0.0052,,0.52
1970,7,"3.26
%","42,524.26",0.0326,,3.26
1970,8,"6.32
%","45,212.34",0.0632,,6.32
1970,9,"2.49
%","46,337.91",0.0249,,2.49
1970,10,"0.21
%","46,433.71",0.0021,,0.21
1970,11,"7.16
%","49,757.60",0.0716,,7.16
1970,12,"4.11
%","51,802.98",0.0411,,4.11
1971,1,"4.15
%","53,953.35",0.0415,,4.15
1971,2,"2.83
%","55,481.23",0.0283,,2.83
1971,3,"3.67
%","57,519.53",0.0367,,3.67
1971,4,"-1.11
%","56,882.29",-0.0111,,-1.11
1971,5,"-1.60
%","55,974.53",-0.016,,-1.6
1971,6,"-0.46
%","55,715.39",-0.0046,,-0.46
1971,7,"-1.52
%","54,870.12",-0.0152,,-1.52
1971,8,"2.49
%","56,234.41",0.0249,,2.49
1971,9,"-1.86
%","55,186.38",-0.0186,,-1.86
1971,10,"-4.37
%","52,773.89",-0.0437,,-4.37
1971,11,"7.16
%","56,554.41",0.0716,,7.16
1971,12,"4.42
%","59,055.55",0.0442,,4.42
1972,1,"2.09
%","60,288.01",0.0209,,2.09
1972,2,"2.62
%","61,867.33",0.0262,,2.62
1972,3,"1.26
%","62,646.17",0.0126,,1.26
1972,4,"-0.78
%","62,160.11",-0.0078,,-0.78
1972,5,"0.52
%","62,480.91",0.0052,,0.52
1972,6,"-0.50
%","62,166.10",-0.005,,-0.5
1972,7,"3.78
%","64,518.27",0.0378,,3.78
1972,8,"-1.21
%","63,737.30",-0.0121,,-1.21
1972,9,"0.42
%","64,003.36",0.0042,,0.42
1972,10,"5.25
%","67,366.23",0.0525,,5.25
1972,11,"2.31
%","68,923.41",0.0231,,2.31
1972,12,"0.99
%","69,605.31",0.0099,,0.99
1973,1,"-3.33
%","67,290.85",-0.0333,,-3.33
1973,2,"-1.35
%","66,385.55",-0.0135,,-1.35
1973,3,"-1.63
%","65,301.27",-0.0163,,-1.63
1973,4,"-2.57
%","63,623.19",-0.0257,,-2.57
1973,5,"-1.99
%","62,357.22",-0.0199,,-1.99
1973,6,"1.21
%","63,111.89",0.0121,,1.21
1973,7,"-1.64
%","62,079.75",-0.0164,,-1.64
1973,8,"2.00
%","63,318.42",0.02,,2
1973,9,"4.24
%","66,000.16",0.0424,,4.24
1973,10,"-6.85
%","61,477.26",-0.0685,,-6.85
1973,11,"-6.81
%","57,293.56",-0.0681,,-6.81
1973,12,"1.70
%","58,267.79",0.017,,1.7
1974,1,"-2.47
%","56,826.91",-0.0247,,-2.47
1974,2,"4.57
%","59,426.54",0.0457,,4.57
1974,3,"-4.82
%","56,564.17",-0.0482,,-4.82
1974,4,"-2.71
%","55,033.73",-0.0271,,-2.71
1974,5,"0.46
%","55,285.36",0.0046,,0.46
1974,6,"-11.35
%","49,012.22",-0.1135,,-11.35
1974,7,"-3.76
%","47,167.02",-0.0376,,-3.76
1974,8,"-10.01
%","42,443.91",-0.1001,,-10.01
1974,9,"2.38
%","43,452.77",0.0238,,2.38
1974,10,"3.74
%","45,079.40",0.0374,,3.74
1974,11,"-6.09
%","42,333.24",-0.0609,,-6.09
1974,12,"8.63
%","45,987.78",0.0863,,8.63
1975,1,"10.81
%","50,957.92",0.1081,,10.81
1975,2,"4.97
%","53,492.38",0.0497,,4.97
1975,3,"1.49
%","54,287.83",0.0149,,1.49
1975,4,"6.71
%","57,931.98",0.0671,,6.71
1975,5,"2.89
%","59,608.89",0.0289,,2.89
1975,6,"0.43
%","59,866.40",0.0043,,0.43
1975,7,"-7.00
%","55,677.99",-0.07,,-7
1975,8,"-0.85
%","55,203.24",-0.0085,,-0.85
1975,9,"4.97
%","57,947.53",0.0497,,4.97
1975,10,"2.04
%","59,130.65",0.0204,,2.04
1975,11,"-1.18
%","58,433.12",-0.0118,,-1.18
1975,12,"9.55
%","64,010.73",0.0955,,9.55
1976,1,"4.18
%","66,685.19",0.0418,,4.18
1976,2,"0.80
%","67,220.27",0.008,,0.8
1976,3,"1.10
%","67,956.64",0.011,,1.1
1976,4,"-0.38
%","67,696.18",-0.0038,,-0.38
1976,5,"0.90
%","68,305.84",0.009,,0.9
1976,6,"2.67
%","70,126.43",0.0267,,2.67
1976,7,"-0.56
%","69,733.29",-0.0056,,-0.56
1976,8,"2.44
%","71,433.30",0.0244,,2.44
1976,9,"-3.11
%","69,213.00",-0.0311,,-3.11
1976,10,"-0.37
%","68,959.24",-0.0037,,-0.37
1976,11,"3.79
%","71,570.38",0.0379,,3.79
1976,12,"-0.54
%","71,185.87",-0.0054,,-0.54
1977,1,"-2.37
%","69,499.76",-0.0237,,-2.37
1977,2,"-0.05
%","69,462.11",-0.0005,,-0.05
1977,3,"-1.19
%","68,632.96",-0.0119,,-1.19
1977,4,"0.06
%","68,677.23",0.0006,,0.06
1977,5,"0.90
%","69,295.16",0.009,,0.9
1977,6,"1.28
%","70,183.83",0.0128,,1.28
1977,7,"-2.08
%","68,724.97",-0.0208,,-2.08
1977,8,"-1.18
%","67,917.23",-0.0118,,-1.18
1977,9,"-2.20
%","66,424.50",-0.022,,-2.2
1977,10,"0.98
%","67,076.22",0.0098,,0.98
1977,11,"-0.08
%","67,022.46",-0.0008,,-0.08
1977,12,"-3.39
%","64,750.16",-0.0339,,-3.39
1978,1,"-0.97
%","64,120.80",-0.0097,,-0.97
1978,2,"0.27
%","64,291.14",0.0027,,0.27
1978,3,"4.83
%","67,396.40",0.0483,,4.83
1978,4,"5.50
%","71,106.12",0.055,,5.5
1978,5,"0.67
%","71,585.06",0.0067,,0.67
1978,6,"-0.06
%","71,540.47",-0.0006,,-0.06
1978,7,"7.33
%","76,783.05",0.0733,,7.33
1978,8,"0.40
%","77,089.95",0.004,,0.4
1978,9,"-2.77
%","74,951.86",-0.0277,,-2.77
1978,10,"-5.44
%","70,876.24",-0.0544,,-5.44
1978,11,"1.92
%","72,239.06",0.0192,,1.92
1978,12,"4.19
%","75,262.49",0.0419,,4.19
1979,1,"-1.06
%","74,467.00",-0.0106,,-1.06
1979,2,"2.34
%","76,210.39",0.0234,,2.34
1979,3,"2.43
%","78,062.99",0.0243,,2.43
1979,4,"-1.89
%","76,585.24",-0.0189,,-1.89
1979,5,"2.42
%","78,436.80",0.0242,,2.42
1979,6,"1.42
%","79,551.26",0.0142,,1.42
1979,7,"5.01
%","83,540.23",0.0501,,5.01
1979,8,"1.54
%","84,827.13",0.0154,,1.54
1979,9,"-3.35
%","81,983.28",-0.0335,,-3.35
1979,10,"-0.32
%","81,718.94",-0.0032,,-0.32
1979,11,"4.40
%","85,317.84",0.044,,4.4
1979,12,"3.31
%","88,143.96",0.0331,,3.31
1980,1,"4.40
%","92,018.64",0.044,,4.4
1980,2,"-8.78
%","83,941.40",-0.0878,,-8.78
1980,3,"-1.16
%","82,965.96",-0.0116,,-1.16
1980,4,"5.04
%","87,144.24",0.0504,,5.04
1980,5,"6.86
%","93,124.68",0.0686,,6.86
1980,6,"4.97
%","97,752.47",0.0497,,4.97
1980,7,"3.50
%","101,178.38",0.035,,3.5
1980,8,"2.84
%","104,047.61",0.0284,,2.84
1980,9,"3.32
%","107,506.95",0.0332,,3.32
1980,10,"4.61
%","112,468.07",0.0461,,4.61
1980,11,"-1.24
%","111,068.09",-0.0124,,-1.24
1980,12,"0.01
%","111,079.18",0.0001,,0.01
1981,1,"-3.07
%","107,668.86",-0.0307,,-3.07
1981,2,"4.14
%","112,129.90",0.0414,,4.14
1981,3,"1.29
%","113,580.63",0.0129,,1.29
1981,4,"-1.62
%","111,743.73",-0.0162,,-1.62
1981,5,"0.86
%","112,702.03",0.0086,,0.86
1981,6,"-2.02
%","110,429.67",-0.0202,,-2.02
1981,7,"0.80
%","111,315.94",0.008,,0.8
1981,8,"-8.30
%","102,073.73",-0.083,,-8.3
1981,9,"1.73
%","103,836.80",0.0173,,1.73
1981,10,"3.04
%","106,997.31",0.0304,,3.04
1981,11,"1.18
%","108,259.20",0.0118,,1.18
1981,12,"-4.80
%","103,058.30",-0.048,,-4.8
1982,1,"-1.91
%","101,085.87",-0.0191,,-1.91
1982,2,"-2.74
%","98,311.53",-0.0274,,-2.74
1982,3,"5.47
%","103,688.49",0.0547,,5.47
1982,4,"0.57
%","104,279.15",0.0057,,0.57
1982,5,"-5.27
%","98,783.00",-0.0527,,-5.27
1982,6,"0.24
%","99,023.88",0.0024,,0.24
1982,7,"0.79
%","99,810.10",0.0079,,0.79
1982,8,"12.10
%","111,883.51",0.121,,12.1
1982,9,"8.88
%","121,820.33",0.0888,,8.88
1982,10,"4.50
%","127,302.14",0.045,,4.5
1982,11,"1.36
%","129,027.72",0.0136,,1.36
1982,12,"3.93
%","134,093.03",0.0393,,3.93
1983,1,"2.13
%","136,949.23",0.0213,,2.13
1983,2,"3.87
%","142,243.16",0.0387,,3.87
1983,3,"4.20
%","148,213.66",0.042,,4.2
1983,4,"4.42
%","154,770.65",0.0442,,4.42
1983,5,"1.75
%","157,484.56",0.0175,,1.75
1983,6,"0.71
%","158,599.76",0.0071,,0.71
1983,7,"-2.41
%","154,781.97",-0.0241,,-2.41
1983,8,"3.31
%","159,911.19",0.0331,,3.31
1983,9,"0.65
%","160,947.29",0.0065,,0.65
1983,10,"-1.14
%","159,110.20",-0.0114,,-1.14
1983,11,"-0.13
%","158,906.34",-0.0013,,-0.13
1983,12,"1.58
%","161,410.60",0.0158,,1.58
1984,1,"-5.11
%","153,159.00",-0.0511,,-5.11
1984,2,"0.44
%","153,836.51",0.0044,,0.44
1984,3,"0.51
%","154,616.77",0.0051,,0.51
1984,4,"-0.25
%","154,226.25",-0.0025,,-0.25
1984,5,"-1.85
%","151,375.68",-0.0185,,-1.85
1984,6,"-0.91
%","150,000.51",-0.0091,,-0.91
1984,7,"9.21
%","163,810.40",0.0921,,9.21
1984,8,"1.41
%","166,115.16",0.0141,,1.41
1984,9,"-0.41
%","165,430.09",-0.0041,,-0.41
1984,10,"1.29
%","167,557.36",0.0129,,1.29
1984,11,"-0.71
%","166,371.80",-0.0071,,-0.71
1984,12,"4.70
%","174,187.23",0.047,,4.7
1985,1,"5.79
%","184,268.07",0.0579,,5.79
1985,2,"-0.48
%","183,386.69",-0.0048,,-0.48
1985,3,"1.02
%","185,265.87",0.0102,,1.02
1985,4,"2.74
%","190,334.07",0.0274,,2.74
1985,5,"2.51
%","195,113.29",0.0251,,2.51
1985,6,"2.25
%","199,497.92",0.0225,,2.25
1985,7,"-1.85
%","195,816.56",-0.0185,,-1.85
1985,8,"-1.88
%","192,125.43",-0.0188,,-1.88
1985,9,"1.50
%","194,998.79",0.015,,1.5
1985,10,"6.42
%","207,518.72",0.0642,,6.42
1985,11,"5.29
%","218,505.83",0.0529,,5.29
1985,12,"0.75
%","220,148.40",0.0075,,0.75
1986,1,"5.70
%","232,690.80",0.057,,5.7
1986,2,"6.18
%","247,077.53",0.0618,,6.18
1986,3,"2.74
%","253,850.98",0.0274,,2.74
1986,4,"0.49
%","255,099.50",0.0049,,0.49
1986,5,"3.13
%","263,092.38",0.0313,,3.13
1986,6,"-1.80
%","258,346.42",-0.018,,-1.8
1986,7,"2.28
%","264,238.92",0.0228,,2.28
1986,8,"-2.46
%","257,748.59",-0.0246,,-2.46
1986,9,"-0.09
%","257,516.95",-0.0009,,-0.09
1986,10,"3.53
%","266,614.89",0.0353,,3.53
1986,11,"1.71
%","271,171.18",0.0171,,1.71
1986,12,"6.67
%","289,267.44",0.0667,,6.67
1987,1,"6.46
%","307,959.55",0.0646,,6.46
1987,2,"4.38
%","321,437.12",0.0438,,4.38
1987,3,"-0.86
%","318,684.29",-0.0086,,-0.86
1987,4,"0.17
%","319,235.08",0.0017,,0.17
1987,5,"4.50
%","333,595.69",0.045,,4.5
1987,6,"3.12
%","344,010.87",0.0312,,3.12
1987,7,"6.45
%","366,213.37",0.0645,,6.45
1987,8,"-3.03
%","355,115.55",-0.0303,,-3.03
1987,9,"-11.85
%","313,020.56",-0.1185,,-11.85
1987,10,"-12.30
%","274,508.34",-0.123,,-12.3
1987,11,"-1.33
%","270,844.49",-0.0133,,-1.33
1987,12,"4.25
%","282,346.02",0.0425,,4.25
1988,1,"3.33
%","291,744.09",0.0333,,3.33
1988,2,"3.23
%","301,173.43",0.0323,,3.23
1988,3,"-0.89
%","298,504.96",-0.0089,,-0.89
1988,4,"-2.19
%","291,972.88",-0.0219,,-2.19
1988,5,"6.00
%","309,485.99",0.06,,6
1988,6,"-0.31
%","308,536.12",-0.0031,,-0.31
1988,7,"-1.72
%","303,233.97",-0.0172,,-1.72
1988,8,"1.93
%","309,077.80",0.0193,,1.93
1988,9,"3.80
%","320,827.75",0.038,,3.8
1988,10,"-2.02
%","314,346.24",-0.0202,,-2.02
1988,11,"2.33
%","321,657.79",0.0233,,2.33
1988,12,"3.51
%","332,956.52",0.0351,,3.51
1989,1,"3.30
%","343,943.60",0.033,,3.3
1989,2,"-0.16
%","343,387.58",-0.0016,,-0.16
1989,3,"3.56
%","355,628.66",0.0356,,3.56
1989,4,"4.12
%","370,263.85",0.0412,,4.12
1989,5,"3.39
%","382,825.51",0.0339,,3.39
1989,6,"2.80
%","393,545.29",0.028,,2.8
1989,7,"4.69
%","412,005.53",0.0469,,4.69
1989,8,"0.46
%","413,882.36",0.0046,,0.46
1989,9,"0.29
%","415,067.13",0.0029,,0.29
1989,10,"-1.81
%","407,539.67",-0.0181,,-1.81
1989,11,"2.74
%","418,692.84",0.0274,,2.74
1989,12,"-2.21
%","409,434.59",-0.0221,,-2.21
1990,1,"-2.53
%","399,087.43",-0.0253,,-2.53
1990,2,"2.71
%","409,891.39",0.0271,,2.71
1990,3,"0.20
%","410,694.72",0.002,,0.2
1990,4,"3.85
%","426,510.27",0.0385,,3.85
1990,5,"3.17
%","440,030.46",0.0317,,3.17
1990,6,"0.17
%","440,777.30",0.0017,,0.17
1990,7,"-7.86
%","406,126.79",-0.0786,,-7.86
1990,8,"-4.34
%","388,496.58",-0.0434,,-4.34
1990,9,"-2.32
%","379,499.90",-0.0232,,-2.32
1990,10,"2.98
%","390,823.47",0.0298,,2.98
1990,11,"4.59
%","408,749.00",0.0459,,4.59
1990,12,"-0.69
%","405,948.37",-0.0069,,-0.69
1991,1,"11.61
%","453,065.89",0.1161,,11.61
1991,2,"3.04
%","466,860.02",0.0304,,3.04
1991,3,"2.26
%","477,405.59",0.0226,,2.26
1991,4,"-0.18
%","476,551.61",-0.0018,,-0.18
1991,5,"0.35
%","478,205.30",0.0035,,0.35
1991,6,"0.78
%","481,937.62",0.0078,,0.78
1991,7,"2.68
%","494,848.41",0.0268,,2.68
1991,8,"-0.30
%","493,348.52",-0.003,,-0.3
1991,9,"0.18
%","494,244.67",0.0018,,0.18
1991,10,"0.02
%","494,322.74",0.0002,,0.02
1991,11,"0.94
%","498,945.35",0.0094,,0.94
1991,12,"7.36
%","535,657.87",0.0736,,7.36
1992,1,"-0.60
%","532,439.40",-0.006,,-0.6
1992,2,"-1.01
%","527,049.10",-0.0101,,-1.01
1992,3,"0.26
%","528,442.10",0.0026,,0.26
1992,4,"2.07
%","539,372.14",0.0207,,2.07
1992,5,"-1.33
%","532,203.22",-0.0133,,-1.33
1992,6,"1.91
%","542,379.66",0.0191,,1.91
1992,7,"0.94
%","547,487.35",0.0094,,0.94
1992,8,"0.38
%","549,557.88",0.0038,,0.38
1992,9,"-1.18
%","543,061.80",-0.0118,,-1.18
1992,10,"2.76
%","558,033.49",0.0276,,2.76
1992,11,"3.27
%","576,287.88",0.0327,,3.27
1992,12,"0.14
%","577,111.36",0.0014,,0.14
1993,1,"1.72
%","587,062.18",0.0172,,1.72
1993,2,"2.15
%","599,684.92",0.0215,,2.15
1993,3,"-1.34
%","591,638.67",-0.0134,,-1.34
1993,4,"0.72
%","595,926.42",0.0072,,0.72
1993,5,"0.87
%","601,082.28",0.0087,,0.87
1993,6,"0.06
%","601,448.96",0.0006,,0.06
1993,7,"1.76
%","612,049.29",0.0176,,1.76
1993,8,"1.35
%","620,342.39",0.0135,,1.35
1993,9,"1.24
%","628,046.46",0.0124,,1.24
1993,10,"0.01
%","628,093.84",0.0001,,0.01
1993,11,"0.89
%","633,666.17",0.0089,,0.89
1993,12,"1.74
%","644,665.85",0.0174,,1.74
1994,1,"-0.08
%","644,177.83",-0.0008,,-0.08
1994,2,"-1.42
%","635,005.91",-0.0142,,-1.42
1994,3,"-3.35
%","613,756.22",-0.0335,,-3.35
1994,4,"1.06
%","620,251.24",0.0106,,1.06
1994,5,"1.11
%","627,124.20",0.0111,,1.11
1994,6,"-0.52
%","623,870.21",-0.0052,,-0.52
1994,7,"3.08
%","643,098.38",0.0308,,3.08
1994,8,"0.82
%","648,355.48",0.0082,,0.82
1994,9,"-0.44
%","645,476.74",-0.0044,,-0.44
1994,10,"-0.37
%","643,089.23",-0.0037,,-0.37
1994,11,"-1.03
%","636,493.02",-0.0103,,-1.03
1994,12,"2.45
%","652,094.57",0.0245,,2.45
1995,1,"3.82
%","676,998.68",0.0382,,3.82
1995,2,"2.56
%","694,317.45",0.0256,,2.56
1995,3,"3.22
%","716,643.60",0.0322,,3.22
1995,4,"3.35
%","740,635.11",0.0335,,3.35
1995,5,"3.18
%","764,175.62",0.0318,,3.18
1995,6,"3.55
%","791,284.59",0.0355,,3.55
1995,7,"0.51
%","795,344.87",0.0051,,0.51
1995,8,"3.72
%","824,913.12",0.0372,,3.72
1995,9,"0.91
%","832,441.01",0.0091,,0.91
1995,10,"2.36
%","852,073.17",0.0236,,2.36
1995,11,"3.39
%","880,951.11",0.0339,,3.39
1995,12,"0.16
%","882,383.36",0.0016,,0.16
1996,1,"5.90
%","934,482.74",0.059,,5.9
1996,2,"-0.20
%","932,607.26",-0.002,,-0.2
1996,3,"0.20
%","934,444.89",0.002,,0.2
1996,4,"2.35
%","956,449.44",0.0235,,2.35
1996,5,"1.28
%","968,678.54",0.0128,,1.28
1996,6,"-3.48
%","935,001.80",-0.0348,,-3.48
1996,7,"3.08
%","963,760.15",0.0308,,3.08
1996,8,"2.02
%","983,264.02",0.0202,,2.02
1996,9,"4.12
%","1,023,769.56",0.0412,,4.12
1996,10,"5.05
%","1,075,491.24",0.0505,,5.05
1996,11,"1.20
%","1,088,378.07",0.012,,1.2
1996,12,"3.26
%","1,123,832.42",0.0326,,3.26
1997,1,"4.36
%","1,172,844.59",0.0436,,4.36
1997,2,"-0.62
%","1,165,529.73",-0.0062,,-0.62
1997,3,"-3.41
%","1,125,840.57",-0.0341,,-3.41
1997,4,"9.22
%","1,229,618.65",0.0922,,9.22
1997,5,"5.34
%","1,295,241.25",0.0534,,5.34
1997,6,"5.74
%","1,369,535.31",0.0574,,5.74
1997,7,"0.35
%","1,374,298.41",0.0035,,0.35
1997,8,"1.19
%","1,390,680.15",0.0119,,1.19
1997,9,"1.65
%","1,413,562.07",0.0165,,1.65
1997,10,"-1.15
%","1,397,277.22",-0.0115,,-1.15
1997,11,"2.63
%","1,434,090.12",0.0263,,2.63
1997,12,"0.24
%","1,437,490.18",0.0024,,0.24
1998,1,"6.40
%","1,529,520.58",0.064,,6.4
1998,2,"5.31
%","1,610,782.05",0.0531,,5.31
1998,3,"3.41
%","1,665,640.06",0.0341,,3.41
1998,4,"-0.22
%","1,661,944.71",-0.0022,,-0.22
1998,5,"0.12
%","1,663,880.16",0.0012,,0.12
1998,6,"4.47
%","1,738,216.78",0.0447,,4.47
1998,7,"-6.97
%","1,617,045.56",-0.0697,,-6.97
1998,8,"-4.90
%","1,537,835.39",-0.049,,-4.9
1998,9,"1.29
%","1,557,686.64",0.0129,,1.29
1998,10,"10.97
%","1,728,633.16",0.1097,,10.97
1998,11,"4.10
%","1,799,578.08",0.041,,4.1
1998,12,"5.05
%","1,890,415.15",0.0505,,5.05
1999,1,"-0.07
%","1,889,154.05",-0.0007,,-0.07
1999,2,"2.92
%","1,944,383.65",0.0292,,2.92
1999,3,"4.25
%","2,027,020.39",0.0425,,4.25
1999,4,"-0.10
%","2,025,017.05",-0.001,,-0.1
1999,5,"-0.61
%","2,012,628.66",-0.0061,,-0.61
1999,6,"4.52
%","2,103,647.52",0.0452,,4.52
1999,7,"-3.77
%","2,024,247.75",-0.0377,,-3.77
1999,8,"-0.60
%","2,012,142.41",-0.006,,-0.6
1999,9,"-1.27
%","1,986,538.48",-0.0127,,-1.27
1999,10,"7.11
%","2,127,700.90",0.0711,,7.11
1999,11,"2.81
%","2,187,462.29",0.0281,,2.81
1999,12,"-0.12
%","2,184,860.69",-0.0012,,-0.12
2000,1,"-2.48
%","2,130,718.15",-0.0248,,-2.48
2000,2,"3.94
%","2,214,688.76",0.0394,,3.94
2000,3,"1.42
%","2,246,240.67",0.0142,,1.42
2000,4,"-2.84
%","2,182,474.52",-0.0284,,-2.84
2000,5,"3.16
%","2,251,516.67",0.0316,,3.16
2000,6,"0.85
%","2,270,662.27",0.0085,,0.85
2000,7,"0.94
%","2,291,999.94",0.0094,,0.94
2000,8,"-1.08
%","2,267,254.35",-0.0108,,-1.08
2000,9,"-5.21
%","2,149,034.50",-0.0521,,-5.21
2000,10,"-0.77
%","2,132,431.83",-0.0077,,-0.77
2000,11,"-3.32
%","2,061,633.52",-0.0332,,-3.32
2000,12,"0.46
%","2,071,014.11",0.0046,,0.46
2001,1,"-2.14
%","2,026,771.91",-0.0214,,-2.14
2001,2,"-9.08
%","1,842,742.99",-0.0908,,-9.08
2001,3,"0.45
%","1,851,011.26",0.0045,,0.45
2001,4,"6.88
%","1,978,348.48",0.0688,,6.88
2001,5,"-2.39
%","1,931,092.62",-0.0239,,-2.39
2001,6,"-2.66
%","1,879,721.17",-0.0266,,-2.66
2001,7,"-2.05
%","1,841,265.09",-0.0205,,-2.05
2001,8,"-11.25
%","1,634,172.03",-0.1125,,-11.25
2001,9,"3.18
%","1,686,204.58",0.0318,,3.18
2001,10,"5.05
%","1,771,410.96",0.0505,,5.05
2001,11,"1.47
%","1,797,380.72",0.0147,,1.47
2001,12,"-0.30
%","1,792,030.11",-0.003,,-0.3
2002,1,"-3.35
%","1,731,947.48",-0.0335,,-3.35
2002,2,"4.95
%","1,817,596.97",0.0495,,4.95
2002,3,"-3.51
%","1,753,718.76",-0.0351,,-3.51
2002,4,"-2.82
%","1,704,257.37",-0.0282,,-2.82
2002,5,"-5.92
%","1,603,349.00",-0.0592,,-5.92
2002,6,"-10.76
%","1,430,852.71",-0.1076,,-10.76
2002,7,"1.14
%","1,447,147.13",0.0114,,1.14
2002,8,"-4.76
%","1,378,295.78",-0.0476,,-4.76
2002,9,"-1.37
%","1,359,453.89",-0.0137,,-1.37
2002,10,"6.63
%","1,449,525.55",0.0663,,6.63
2002,11,"-1.04
%","1,434,522.07",-0.0104,,-1.04
2002,12,"-0.22
%","1,431,330.00",-0.0022,,-0.22
2003,1,"-6.41
%","1,339,512.53",-0.0641,,-6.41
2003,2,"1.31
%","1,357,031.99",0.0131,,1.31
2003,3,"5.29
%","1,428,762.79",0.0529,,5.29
2003,4,"5.31
%","1,504,661.69",0.0531,,5.31
2003,5,"5.70
%","1,590,490.38",0.057,,5.7
2003,6,"0.60
%","1,599,968.12",0.006,,0.6
2003,7,"-0.17
%","1,597,306.99",-0.0017,,-0.17
2003,8,"3.16
%","1,647,800.75",0.0316,,3.16
2003,9,"2.03
%","1,681,215.33",0.0203,,2.03
2003,10,"1.21
%","1,701,567.89",0.0121,,1.21
2003,11,"3.06
%","1,753,700.71",0.0306,,3.06
2003,12,"4.93
%","1,840,245.16",0.0493,,4.93
2004,1,"1.09
%","1,860,242.41",0.0109,,1.09
2004,2,"-1.57
%","1,831,125.96",-0.0157,,-1.57
2004,3,"0.97
%","1,848,853.76",0.0097,,0.97
2004,4,"-2.56
%","1,801,444.47",-0.0256,,-2.56
2004,5,"2.86
%","1,852,923.93",0.0286,,2.86
2004,6,"-2.24
%","1,811,441.05",-0.0224,,-2.24
2004,7,"-1.39
%","1,786,306.03",-0.0139,,-1.39
2004,8,"2.78
%","1,836,012.22",0.0278,,2.78
2004,9,"0.10
%","1,837,895.88",0.001,,0.1
2004,10,"4.77
%","1,925,635.12",0.0477,,4.77
2004,11,"2.73
%","1,978,155.81",0.0273,,2.73
2004,12,"-1.35
%","1,951,466.10",-0.0135,,-1.35
2005,1,"1.68
%","1,984,274.28",0.0168,,1.68
2005,2,"-0.26
%","1,979,202.71",-0.0026,,-0.26
2005,3,"-2.41
%","1,931,525.33",-0.0241,,-2.41
2005,4,"1.34
%","1,957,328.01",0.0134,,1.34
2005,5,"2.18
%","2,000,011.41",0.0218,,2.18
2005,6,"1.81
%","2,036,167.44",0.0181,,1.81
2005,7,"0.31
%","2,042,479.93",0.0031,,0.31
2005,8,"0.28
%","2,048,192.55",0.0028,,0.28
2005,9,"-2.62
%","1,994,443.48",-0.0262,,-2.62
2005,10,"3.96
%","2,073,454.20",0.0396,,3.96
2005,11,"2.14
%","2,117,911.78",0.0214,,2.14
2005,12,"1.47
%","2,148,976.67",0.0147,,1.47
2006,1,"-0.02
%","2,148,619.09",-0.0002,,-0.02
2006,2,"1.49
%","2,180,550.53",0.0149,,1.49
2006,3,"0.80
%","2,197,958.55",0.008,,0.8
2006,4,"-0.79
%","2,180,668.63",-0.0079,,-0.79
2006,5,"-2.71
%","2,121,664.25",-0.0271,,-2.71
2006,6,"0.72
%","2,136,941.09",0.0072,,0.72
2006,7,"2.29
%","2,185,914.64",0.0229,,2.29
2006,8,"2.53
%","2,241,243.93",0.0253,,2.53
2006,9,"3.62
%","2,322,285.36",0.0362,,3.62
2006,10,"2.00
%","2,368,769.22",0.02,,2
2006,11,"2.15
%","2,419,656.66",0.0215,,2.15
2006,12,"0.69
%","2,436,420.69",0.0069,,0.69
2007,1,"1.60
%","2,475,307.13",0.016,,1.6
2007,2,"-2.47
%","2,414,070.73",-0.0247,,-2.47
2007,3,"4.18
%","2,514,985.16",0.0418,,4.18
2007,4,"3.39
%","2,600,287.25",0.0339,,3.39
2007,5,"0.34
%","2,609,255.68",0.0034,,0.34
2007,6,"0.57
%","2,624,248.97",0.0057,,0.57
2007,7,"-4.20
%","2,514,001.44",-0.042,,-4.2
2007,8,"3.07
%","2,591,300.54",0.0307,,3.07
2007,9,"2.99
%","2,668,822.74",0.0299,,2.99
2007,10,"-4.81
%","2,540,550.84",-0.0481,,-4.81
2007,11,"1.24
%","2,572,008.47",0.0124,,1.24
2007,12,"-6.64
%","2,401,350.63",-0.0664,,-6.64
2008,1,"-1.56
%","2,363,794.33",-0.0156,,-1.56
2008,2,"-2.63
%","2,301,706.07",-0.0263,,-2.63
2008,3,"4.24
%","2,399,385.93",0.0424,,4.24
2008,4,"2.56
%","2,460,872.69",0.0256,,2.56
2008,5,"-4.25
%","2,356,369.71",-0.0425,,-4.25
2008,6,"-6.08
%","2,213,138.45",-0.0608,,-6.08
2008,7,"2.11
%","2,259,847.51",0.0211,,2.11
2008,8,"-4.85
%","2,150,300.58",-0.0485,,-4.85
2008,9,"-20.19
%","1,716,077.81",-0.2019,,-20.19
2008,10,"-8.61
%","1,568,403.34",-0.0861,,-8.61
2008,11,"-0.35
%","1,562,894.84",-0.0035,,-0.35
2008,12,"-1.10
%","1,545,772.44",-0.011,,-1.1
2009,1,"-6.70
%","1,442,166.94",-0.067,,-6.7
2009,2,"-5.69
%","1,360,144.61",-0.0569,,-5.69
2009,3,"12.32
%","1,527,738.23",0.1232,,12.32
2009,4,"6.66
%","1,629,482.88",0.0666,,6.66
2009,5,"2.87
%","1,676,230.48",0.0287,,2.87
2009,6,"1.28
%","1,697,646.70",0.0128,,1.28
2009,7,"8.12
%","1,835,508.26",0.0812,,8.12
2009,8,"3.65
%","1,902,510.61",0.0365,,3.65
2009,9,"2.40
%","1,948,230.00",0.024,,2.4
2009,10,"2.09
%","1,989,032.29",0.0209,,2.09
2009,11,"2.23
%","2,033,305.31",0.0223,,2.23
2009,12,"1.36
%","2,060,896.61",0.0136,,1.36
2010,1,"-2.90
%","2,001,162.07",-0.029,,-2.9
2010,2,"5.94
%","2,120,091.85",0.0594,,5.94
2010,3,"4.09
%","2,206,759.72",0.0409,,4.09
2010,4,"-5.88
%","2,076,949.36",-0.0588,,-5.88
2010,5,"-3.54
%","2,003,351.33",-0.0354,,-3.54
2010,6,"-0.16
%","2,000,164.54",-0.0016,,-0.16
2010,7,"0.86
%","2,017,438.19",0.0086,,0.86
2010,8,"3.37
%","2,085,449.15",0.0337,,3.37
2010,9,"4.58
%","2,180,909.26",0.0458,,4.58
2010,10,"2.49
%","2,235,233.85",0.0249,,2.49
2010,11,"3.71
%","2,318,244.53",0.0371,,3.71
2010,12,"3.46
%","2,398,506.64",0.0346,,3.46
2011,1,"3.15
%","2,474,080.32",0.0315,,3.15
2011,2,"-1.11
%","2,446,557.14",-0.0111,,-1.11
2011,3,"2.22
%","2,500,894.76",0.0222,,2.22
2011,4,"0.66
%","2,517,381.53",0.0066,,0.66
2011,5,"-3.66
%","2,425,179.91",-0.0366,,-3.66
2011,6,"3.10
%","2,500,402.58",0.031,,3.1
2011,7,"-10.40
%","2,240,344.53",-0.104,,-10.4
2011,8,"-0.79
%","2,222,662.72",-0.0079,,-0.79
2011,9,"3.02
%","2,289,762.82",0.0302,,3.02
2011,10,"1.77
%","2,330,225.74",0.0177,,1.77
2011,11,"1.55
%","2,366,454.94",0.0155,,1.55
2011,12,"4.78
%","2,479,632.02",0.0478,,4.78
2012,1,"4.16
%","2,582,849.40",0.0416,,4.16
2012,2,"2.88
%","2,657,334.58",0.0288,,2.88
2012,3,"-0.04
%","2,656,319.20",-0.0004,,-0.04
2012,4,"-3.09
%","2,574,213.64",-0.0309,,-3.09
2012,5,"-1.15
%","2,544,548.12",-0.0115,,-1.15
2012,6,"2.92
%","2,618,876.58",0.0292,,2.92
2012,7,"3.39
%","2,707,596.28",0.0339,,3.39
2012,8,"3.02
%","2,789,397.26",0.0302,,3.02
2012,9,"-0.22
%","2,783,340.51",-0.0022,,-0.22
2012,10,"-2.84
%","2,704,363.39",-0.0284,,-2.84
2012,11,"2.18
%","2,763,197.77",0.0218,,2.18
2012,12,"4.27
%","2,881,152.09",0.0427,,4.27
2013,1,"2.33
%","2,948,370.00",0.0233,,2.33
2013,2,"2.72
%","3,028,638.01",0.0272,,2.72
2013,3,"1.45
%","3,072,668.09",0.0145,,1.45
2013,4,"4.57
%","3,213,220.22",0.0457,,4.57
2013,5,"-1.12
%","3,177,303.65",-0.0112,,-1.12
2013,6,"3.25
%","3,280,708.27",0.0325,,3.25
2013,7,"0.25
%","3,288,992.99",0.0025,,0.25
2013,8,"1.19
%","3,328,213.15",0.0119,,1.19
2013,9,"2.12
%","3,398,689.73",0.0212,,2.12
2013,10,"3.86
%","3,529,878.95",0.0386,,3.86
2013,11,"1.52
%","3,583,591.76",0.0152,,1.52
2013,12,"0.97
%","3,618,274.04",0.0097,,0.97
2014,1,"-0.13
%","3,613,568.98",-0.0013,,-0.13
2014,2,"2.72
%","3,711,940.06",0.0272,,2.72
2014,3,"0.20
%","3,719,427.94",0.002,,0.2
2014,4,"1.53
%","3,776,410.86",0.0153,,1.53
2014,5,"3.20
%","3,897,116.96",0.032,,3.2
2014,6,"1.50
%","3,955,410.89",0.015,,1.5
2014,7,"-0.43
%","3,938,523.23",-0.0043,,-0.43
2014,8,"1.78
%","4,008,551.51",0.0178,,1.78
2014,9,"-2.65
%","3,902,461.84",-0.0265,,-2.65
2014,10,"5.71
%","4,125,122.74",0.0571,,5.71
2014,11,"0.63
%","4,151,271.38",0.0063,,0.63
2014,12,"-1.11
%","4,105,190.38",-0.0111,,-1.11
2015,1,"2.83
%","4,221,260.45",0.0283,,2.83
2015,2,"0.06
%","4,223,597.49",0.0006,,0.06
2015,3,"0.88
%","4,260,697.97",0.0088,,0.88
2015,4,"0.98
%","4,302,406.11",0.0098,,0.98
2015,5,"-0.44
%","4,283,669.13",-0.0044,,-0.44
2015,6,"-0.08
%","4,280,258.04",-0.0008,,-0.08
2015,7,"-2.42
%","4,176,487.57",-0.0242,,-2.42
2015,8,"-4.51
%","3,988,249.29",-0.0451,,-4.51
2015,9,"4.32
%","4,160,426.77",0.0432,,4.32
2015,10,"2.93
%","4,282,430.04",0.0293,,2.93
2015,11,"-1.10
%","4,235,196.12",-0.011,,-1.1
2015,12,"-6.42
%","3,963,312.55",-0.0642,,-6.42
2016,1,"-0.55
%","3,941,517.94",-0.0055,,-0.55
2016,2,"6.36
%","4,192,305.98",0.0636,,6.36
2016,3,"2.83
%","4,311,001.08",0.0283,,2.83
2016,4,"-0.30
%","4,297,879.89",-0.003,,-0.3
2016,5,"1.07
%","4,343,716.36",0.0107,,1.07
2016,6,"3.30
%","4,486,947.75",0.033,,3.3
2016,7,"1.20
%","4,540,757.79",0.012,,1.2
2016,8,"-0.44
%","4,520,838.79",-0.0044,,-0.44
2016,9,"-0.51
%","4,497,964.20",-0.0051,,-0.51
2016,10,"1.20
%","4,551,991.98",0.012,,1.2
2016,11,"3.95
%","4,731,611.93",0.0395,,3.95
2016,12,"1.44
%","4,799,635.23",0.0144,,1.44
2017,1,"2.58
%","4,923,295.21",0.0258,,2.58
2017,2,"1.75
%","5,009,416.29",0.0175,,1.75
2017,3,"-0.15
%","5,001,701.58",-0.0015,,-0.15
2017,4,"1.69
%","5,086,349.04",0.0169,,1.69
2017,5,"1.78
%","5,176,704.37",0.0178,,1.78
2017,6,"0.99
%","5,227,844.21",0.0099,,0.99
2017,7,"0.25
%","5,240,799.08",0.0025,,0.25
2017,8,"1.65
%","5,327,443.28",0.0165,,1.65
2017,9,"2.73
%","5,473,138.15",0.0273,,2.73
2017,10,"1.59
%","5,560,137.45",0.0159,,1.59
2017,11,"2.88
%","5,720,463.25",0.0288,,2.88
2017,12,"4.86
%","5,998,586.36",0.0486,,4.86
2018,1,"-2.89
%","5,825,425.98",-0.0289,,-2.89
2018,2,"0.06
%","5,829,187.94",0.0006,,0.06
2018,3,"-1.66
%","5,732,191.89",-0.0166,,-1.66
2018,4,"1.96
%","5,844,635.77",0.0196,,1.96
2018,5,"2.11
%","5,968,131.16",0.0211,,2.11
2018,6,"1.58
%","6,062,471.91",0.0158,,1.58
2018,7,"2.45
%","6,211,051.27",0.0245,,2.45
2018,8,"1.68
%","6,315,381.27",0.0168,,1.68
2018,9,"-3.85
%","6,072,303.12",-0.0385,,-3.85
2018,10,"-2.08
%","5,946,235.53",-0.0208,,-2.08
2018,11,"-5.56
%","5,615,475.45",-0.0556,,-5.56
2018,12,"1.74
%","5,712,939.69",0.0174,,1.74
2019,1,"5.83
%","6,045,941.38",0.0583,,5.83
2019,2,"1.95
%","6,163,717.64",0.0195,,1.95
2019,3,"3.72
%","6,393,206.39",0.0372,,3.72
2019,4,"-1.53
%","6,295,275.98",-0.0153,,-1.53
2019,5,"1.40
%","6,383,708.82",0.014,,1.4
2019,6,"3.83
%","6,628,035.30",0.0383,,3.83
2019,7,"-3.13
%","6,420,285.24",-0.0313,,-3.13
2019,8,"3.09
%","6,618,365.64",0.0309,,3.09
2019,9,"0.01
%","6,619,014.42",0.0001,,0.01
2019,10,"4.43
%","6,912,481.15",0.0443,,4.43
2019,11,"2.47
%","7,083,172.42",0.0247,,2.47
2019,12,"3.35
%","7,320,203.52",0.0335,,3.35
2020,1,"0.12
%","7,329,139.80",0.0012,,0.12
2020,2,"-18.92
%","5,942,634.46",-0.1892,,-18.92
2020,3,"4.32
%","6,199,273.93",0.0432,,4.32
2020,4,"5.89
%","6,564,247.83",0.0589,,5.89
2020,5,"6.51
%","6,991,466.93",0.0651,,6.51
2020,6,"3.48
%","7,234,520.72",0.0348,,3.48
2020,7,"5.89
%","7,660,887.55",0.0589,,5.89
2020,8,"-0.63
%","7,612,853.58",-0.0063,,-0.63
2020,9,"1.73
%","7,744,251.54",0.0173,,1.73
2020,10,"3.95
%","8,050,468.28",0.0395,,3.95
2020,11,"4.26
%","8,393,424.70",0.0426,,4.26
2020,12,"2.80
%","8,628,046.08",0.028,,2.8
2021,1,"2.49
%","8,843,016.31",0.0249,,2.49
2021,2,"0.82
%","8,915,649.11",0.0082,,0.82
2021,3,"6.02
%","9,452,503.68",0.0602,,6.02
2021,4,"0.76
%","9,524,364.59",0.0076,,0.76
2021,5,"1.81
%","9,696,795.86",0.0181,,1.81
2021,6,"3.07
%","9,994,313.09",0.0307,,3.07
2021,7,"2.19
%","10,212,705.01",0.0219,,2.19
2021,8,"-0.08
%","10,204,075.39",-0.0008,,-0.08
2021,9,"0.45
%","10,250,215.78",0.0045,,0.45
2021,10,"4.74
%","10,736,562.29",0.0474,,4.74
2021,11,"0.27
%","10,765,057.51",0.0027,,0.27
2021,12,"-2.05
%","10,544,163.60",-0.0205,,-2.05
2022,1,"-2.90
%","10,238,111.89",-0.029,,-2.9
2022,2,"-0.89
%","10,146,728.18",-0.0089,,-0.89
2022,3,"0.12
%","10,158,731.95",0.0012,,0.12
2022,4,"-4.91
%","9,659,467.74",-0.0491,,-4.91
